"","open_time","open","high","low","close","volume","close_time","quote_asset_volume","trades","taker_buy_base_asset_volume","taker_buy_quote_asset_volume","symbol"
"1",2019-08-02 17:00:00,10523.75,10904.77,10497.93,10816.86,33802.318824,2019-08-03 16:59:59,363852799.87178,348893,18132.529707,195125820.479465,"BTCUSDT"
"2",2019-08-03 17:00:00,10816.86,11040,10552,10929.23,39924.745141,2019-08-04 16:59:59,431793873.423298,353721,22066.368257,238959952.235161,"BTCUSDT"
"3",2019-08-04 17:00:00,10929.99,11937.52,10927.8,11828.8,65153.673713,2019-08-05 16:59:59,757976547.217046,622610,33530.07066,389969213.398918,"BTCUSDT"
"4",2019-08-05 17:00:00,11830,12330.7,11226.7,11481.69,76705.389875,2019-08-06 16:59:59,904119081.615713,625827,37522.116972,442937542.040716,"BTCUSDT"
"5",2019-08-06 17:00:00,11481.69,12141.17,11382.84,11975.03,69173.390353,2019-08-07 16:59:59,814597979.050504,592916,36357.225918,428496665.570065,"BTCUSDT"
"6",2019-08-07 17:00:00,11975.04,12060,11521,11999.77,51207.257174,2019-08-08 16:59:59,604389131.062836,473584,27463.200763,324785966.126596,"BTCUSDT"
"7",2019-08-08 17:00:00,11994.17,12045.68,11700,11879.99,39427.152588,2019-08-09 16:59:59,467011047.941428,410902,20074.421911,238009297.579604,"BTCUSDT"
"8",2019-08-09 17:00:00,11879.98,11985,11270,11309.31,42633.087048,2019-08-10 16:59:59,492217964.490556,399237,17111.125076,197997879.109114,"BTCUSDT"
"9",2019-08-10 17:00:00,11309.24,11600,11112.11,11549.97,26772.90691,2019-08-11 16:59:59,304862403.351449,306234,15007.4382,171032610.991817,"BTCUSDT"
"10",2019-08-11 17:00:00,11539.08,11577.89,11235.32,11396.08,17568.227075,2019-08-12 16:59:59,200325471.604141,255966,9200.430879,104948602.152778,"BTCUSDT"
"11",2019-08-12 17:00:00,11398.35,11456.16,10788.45,10892.71,33234.72968,2019-08-13 16:59:59,368994475.546112,337834,13483.5587,149693332.126831,"BTCUSDT"
"12",2019-08-13 17:00:00,10893.36,10897.48,9928.1,10050.37,54451.847499,2019-08-14 16:59:59,567724729.105906,534507,26080.631381,271971667.550982,"BTCUSDT"
"13",2019-08-14 17:00:00,10055.16,10460,9911,10293.93,38174.45112,2019-08-15 16:59:59,387705855.087911,373368,19588.082918,199059445.604256,"BTCUSDT"
"14",2019-08-15 17:00:00,10296.77,10536.03,9750,10331.54,51758.142918,2019-08-16 16:59:59,527258446.397777,504740,25818.031537,263301246.898492,"BTCUSDT"
"15",2019-08-16 17:00:00,10331.15,10465.14,10000,10216.02,29000.581201,2019-08-17 16:59:59,297776329.030582,332795,14672.94974,150792759.345233,"BTCUSDT"
"16",2019-08-17 17:00:00,10216.05,10500,10080,10306.78,24085.395172,2019-08-18 16:59:59,248508872.459986,265705,12961.478557,133774771.716968,"BTCUSDT"
"17",2019-08-18 17:00:00,10306.17,10930,10258.6,10915.54,37243.319217,2019-08-19 16:59:59,396233441.02746,337022,20591.436572,219085855.344581,"BTCUSDT"
"18",2019-08-19 17:00:00,10914.73,10949.96,10560,10760.51,32298.921679,2019-08-20 16:59:59,346664453.136727,305065,16017.544729,172082522.178927,"BTCUSDT"
"19",2019-08-20 17:00:00,10760.51,10804.13,9858,10142.57,47355.719282,2019-08-21 16:59:59,482889274.517917,458814,21565.830561,219533134.865281,"BTCUSDT"
"20",2019-08-21 17:00:00,10140.82,10242,9762,10099.88,34059.642738,2019-08-22 16:59:59,341371442.906839,401148,17921.9543,179746967.235214,"BTCUSDT"
"21",2019-08-22 17:00:00,10099.9,10445,10019.79,10389.55,27550.336173,2019-08-23 16:59:59,282732431.752072,326866,14798.816338,151926638.080276,"BTCUSDT"
"22",2019-08-23 17:00:00,10388.16,10419.42,9890,10134.35,27692.456844,2019-08-24 16:59:59,279962133.62571,313227,13623.564841,137726211.363643,"BTCUSDT"
"23",2019-08-24 17:00:00,10134.61,10333,9906.97,10142.69,26271.657398,2019-08-25 16:59:59,265132761.317043,289956,12885.717735,130202473.090273,"BTCUSDT"
"24",2019-08-25 17:00:00,10142.69,10604,10137.93,10372.25,41687.511599,2019-08-26 16:59:59,432249835.490697,405316,22666.595452,235202578.436012,"BTCUSDT"
"25",2019-08-26 17:00:00,10373.6,10391.08,10051.08,10185.05,28402.775383,2019-08-27 16:59:59,289340681.078952,292888,13852.442138,141207845.029193,"BTCUSDT"
"26",2019-08-27 17:00:00,10185.69,10299,9601.01,9721,42110.555375,2019-08-28 16:59:59,420034883.003153,381293,19430.822573,194055407.180034,"BTCUSDT"
"27",2019-08-28 17:00:00,9721,9724,9320,9498.44,35532.69491,2019-08-29 16:59:59,337838761.557287,343887,17536.268448,166811264.082551,"BTCUSDT"
"28",2019-08-29 17:00:00,9499.01,9696,9350.41,9584.54,26834.318104,2019-08-30 16:59:59,255854874.450775,259270,14227.872851,135696420.419835,"BTCUSDT"
"29",2019-08-30 17:00:00,9582.76,9684.51,9420.75,9587.47,17130.290074,2019-08-31 16:59:59,164116756.462997,199188,8558.148214,82010834.3387509,"BTCUSDT"
"30",2019-08-31 17:00:00,9588.74,9830,9520,9724.98,19545.404843,2019-09-01 16:59:59,188513289.122357,191324,11545.610598,111464034.381124,"BTCUSDT"
"31",2019-09-01 17:00:00,9723.59,10450,9712.5,10340,44740.248093,2019-09-02 16:59:59,448462178.630381,354155,25140.296125,251933840.307948,"BTCUSDT"
"32",2019-09-02 17:00:00,10340,10773,10272,10615.28,47998.376781,2019-09-03 16:59:59,505617667.399267,416076,24734.303264,260488377.888127,"BTCUSDT"
"33",2019-09-03 17:00:00,10611.85,10799,10369.89,10567.02,43943.889026,2019-09-04 16:59:59,463526509.325937,383457,22244.067656,234731325.602041,"BTCUSDT"
"34",2019-09-04 17:00:00,10565.92,10900,10450,10564.49,33970.960639,2019-09-05 16:59:59,358861340.78979,309846,16535.147807,174901090.473375,"BTCUSDT"
"35",2019-09-05 17:00:00,10563.13,10905.87,10150,10298.73,58799.640959,2019-09-06 16:59:59,623662984.384331,455334,29952.944427,318275724.072774,"BTCUSDT"
"36",2019-09-06 17:00:00,10298.71,10558,10288.57,10455.88,27637.877392,2019-09-07 16:59:59,287851131.180258,272011,14673.489216,152825898.950802,"BTCUSDT"
"37",2019-09-07 17:00:00,10455.9,10592.5,10208,10381.18,23984.672018,2019-09-08 16:59:59,249900964.371531,237752,10588.592458,110370036.725491,"BTCUSDT"
"38",2019-09-08 17:00:00,10381.24,10480,10068.5,10303.12,39835.727608,2019-09-09 16:59:59,409724831.947123,330459,18729.472684,192814736.823475,"BTCUSDT"
"39",2019-09-09 17:00:00,10302.58,10384.99,9953,10098.15,28915.412225,2019-09-10 16:59:59,294323839.507008,286763,13432.256822,136876441.423216,"BTCUSDT"
"40",2019-09-10 17:00:00,10098.19,10293,9880,10158.33,31953.824562,2019-09-11 16:59:59,321637085.476509,309120,16583.813097,167086058.187805,"BTCUSDT"
"41",2019-09-11 17:00:00,10158.75,10448.81,10040,10415.01,34511.162755,2019-09-12 16:59:59,353390090.967777,317881,18550.853202,190066356.887017,"BTCUSDT"
"42",2019-09-12 17:00:00,10415.01,10439,10153,10342.06,30280.339776,2019-09-13 16:59:59,311632094.256189,304947,16763.854663,172561765.653066,"BTCUSDT"
"43",2019-09-13 17:00:00,10344.13,10419.99,10222.33,10335.02,23621.533519,2019-09-14 16:59:59,244063007.090225,253929,13495.986691,139491411.265729,"BTCUSDT"
"44",2019-09-14 17:00:00,10332.81,10360,10252.15,10302.01,18047.654013,2019-09-15 16:59:59,185853330.437043,194733,8221.803055,84690636.8855592,"BTCUSDT"
"45",2019-09-15 17:00:00,10303.34,10355,10078,10251.31,28971.401657,2019-09-16 16:59:59,296325130.170901,274368,13385.302253,137008707.886645,"BTCUSDT"
"46",2019-09-16 17:00:00,10249.68,10275,10128.01,10187.82,22914.324563,2019-09-17 16:59:59,233944812.560508,287483,11195.430673,114314296.205725,"BTCUSDT"
"47",2019-09-17 17:00:00,10187.48,10258.02,10100,10156.99,24250.249303,2019-09-18 16:59:59,247024351.597992,299466,11753.109111,119777298.859241,"BTCUSDT"
"48",2019-09-18 17:00:00,10156.41,10325,9653,10244.29,44826.282579,2019-09-19 16:59:59,447676492.984026,429727,22623.287763,226404409.682367,"BTCUSDT"
"49",2019-09-19 17:00:00,10243.7,10281,10061.39,10168.59,25088.491069,2019-09-20 16:59:59,255205290.211837,267032,12054.384888,122687240.605189,"BTCUSDT"
"50",2019-09-20 17:00:00,10167.92,10176.7,9900,9986.39,20544.175196,2019-09-21 16:59:59,206034034.508035,245439,9285.851479,93152981.2923447,"BTCUSDT"
"51",2019-09-21 17:00:00,9985.15,10089,9853.97,10028.87,22049.275256,2019-09-22 16:59:59,220133631.612842,253713,11200.611921,111864717.132405,"BTCUSDT"
"52",2019-09-22 17:00:00,10028.05,10049.99,9615.77,9702.25,31937.232356,2019-09-23 16:59:59,314390584.626461,332817,14940.112496,147108768.544579,"BTCUSDT"
"53",2019-09-23 17:00:00,9702.2,9794.99,7800,8493.14,94007.345203,2019-09-24 16:59:59,838996309.161128,748712,42986.253127,383608082.568632,"BTCUSDT"
"54",2019-09-24 17:00:00,8497.55,8730,8215.64,8430.05,60783.892258,2019-09-25 16:59:59,512437200.361104,544806,30489.471994,257118054.549034,"BTCUSDT"
"55",2019-09-25 17:00:00,8430.05,8465.99,7750,8063.73,67930.853749,2019-09-26 16:59:59,552794530.866682,522062,33363.51365,271728779.699546,"BTCUSDT"
"56",2019-09-26 17:00:00,8063.49,8265,7852.15,8177.91,43882.924625,2019-09-27 16:59:59,352800745.207929,369518,23224.861135,186790633.036462,"BTCUSDT"
"57",2019-09-27 17:00:00,8177.47,8315,8001.09,8198.81,34473.605165,2019-09-28 16:59:59,280672404.680496,319113,18215.039863,148326185.320005,"BTCUSDT"
"58",2019-09-28 17:00:00,8199.38,8229.13,7890,8043.82,31544.211388,2019-09-29 16:59:59,253660600.325293,322501,15507.400781,124764250.175754,"BTCUSDT"
"59",2019-09-29 17:00:00,8043.04,8337.26,7710,8289.34,55865.48726,2019-09-30 16:59:59,449120676.84276,455556,29052.010951,233783108.231693,"BTCUSDT"
"60",2019-09-30 17:00:00,8289.97,8500,8173.05,8292.44,43472.418091,2019-10-01 16:59:59,362980689.879991,387653,22518.984395,188065394.227181,"BTCUSDT"
"61",2019-10-01 17:00:00,8292.67,8373.91,8151.22,8359.94,26243.386644,2019-10-02 16:59:59,216325351.858645,261430,13652.36085,112568257.133631,"BTCUSDT"
"62",2019-10-02 17:00:00,8360,8393,8060,8223.96,30488.284058,2019-10-03 16:59:59,250291751.271414,281307,15321.407535,125826457.092521,"BTCUSDT"
"63",2019-10-03 17:00:00,8224.43,8232.41,8005,8137.13,26476.330404,2019-10-04 16:59:59,215325611.682215,259012,13236.810255,107708233.745748,"BTCUSDT"
"64",2019-10-04 17:00:00,8137.09,8183.41,8012.98,8126.19,21907.615564,2019-10-05 16:59:59,177252877.002969,237769,10620.069822,85943843.8439009,"BTCUSDT"
"65",2019-10-05 17:00:00,8127.55,8153.87,7785,7854.25,34676.104049,2019-10-06 16:59:59,275447898.032875,325795,16437.310141,130619830.633569,"BTCUSDT"
"66",2019-10-06 17:00:00,7855.3,8299.92,7762,8190.09,52202.072297,2019-10-07 16:59:59,420921679.844263,482605,28088.649704,226592301.643822,"BTCUSDT"
"67",2019-10-07 17:00:00,8190.82,8325,8088.75,8168.39,35452.657423,2019-10-08 16:59:59,290675248.141445,395685,16893.73714,138551354.175579,"BTCUSDT"
"68",2019-10-08 17:00:00,8170.79,8670,8115,8560.74,55038.704378,2019-10-09 16:59:59,462845251.81361,537805,29211.87169,245678414.82929,"BTCUSDT"
"69",2019-10-09 17:00:00,8562.15,8644,8414.52,8558.03,39137.946167,2019-10-10 16:59:59,333925412.304142,406932,20587.713971,175682847.812351,"BTCUSDT"
"70",2019-10-10 17:00:00,8557.82,8779.51,8212.38,8258.5,50405.284418,2019-10-11 16:59:59,424413201.532932,471818,24618.017135,207347909.975977,"BTCUSDT"
"71",2019-10-11 17:00:00,8257.95,8400,8250,8300.09,21339.334098,2019-10-12 16:59:59,177707852.594819,280633,11644.429544,96979920.3984342,"BTCUSDT"
"72",2019-10-12 17:00:00,8301.98,8451.37,8160,8275.01,27840.739953,2019-10-13 16:59:59,232149438.363959,320051,14035.914654,117101482.904644,"BTCUSDT"
"73",2019-10-13 17:00:00,8275.24,8388.85,8203,8348.2,29810.663253,2019-10-14 16:59:59,247530733.180035,345679,15273.003755,126831374.414732,"BTCUSDT"
"74",2019-10-14 17:00:00,8346.86,8403,8090,8159.29,32773.062476,2019-10-15 16:59:59,270727559.777011,399447,16822.940015,139031758.655656,"BTCUSDT"
"75",2019-10-15 17:00:00,8159.3,8181.16,7917,7991.74,34733.593966,2019-10-16 16:59:59,279586845.536214,421026,17198.827976,138510455.776914,"BTCUSDT"
"76",2019-10-16 17:00:00,7995.02,8124.92,7929.03,8070.58,29656.949158,2019-10-17 16:59:59,238343204.482515,356490,15922.046058,127960055.045891,"BTCUSDT"
"77",2019-10-17 17:00:00,8070.71,8115,7816.01,7947.01,31353.181416,2019-10-18 16:59:59,248931322.100851,399783,15692.63445,124639536.569631,"BTCUSDT"
"78",2019-10-18 17:00:00,7946.89,8098.1,7866.92,7948.01,26627.889388,2019-10-19 16:59:59,211909734.13572,349746,13886.838244,110541248.175037,"BTCUSDT"
"79",2019-10-19 17:00:00,7949.87,8297,7870,8223.35,34286.452654,2019-10-20 16:59:59,275899861.653871,396091,18042.423677,145235373.212162,"BTCUSDT"
"80",2019-10-20 17:00:00,8223.35,8333,8142.03,8197.27,30448.679539,2019-10-21 16:59:59,250117281.636613,367169,16584.000384,136247602.038637,"BTCUSDT"
"81",2019-10-21 17:00:00,8197.28,8297.99,8000,8020,34651.828663,2019-10-22 16:59:59,283535483.410514,384699,16767.036824,137253195.958263,"BTCUSDT"
"82",2019-10-22 17:00:00,8020.06,8047.59,7300,7466.62,63897.457098,2019-10-23 16:59:59,488220760.646416,610241,28473.730302,217502083.436703,"BTCUSDT"
"83",2019-10-23 17:00:00,7468.47,7503.68,7337.99,7412.41,32714.383265,2019-10-24 16:59:59,243246414.948924,403778,16705.376355,124225722.47548,"BTCUSDT"
"84",2019-10-24 17:00:00,7412.41,8799,7361,8655.02,90748.218174,2019-10-25 16:59:59,737329544.88352,775418,49588.976612,402740312.187854,"BTCUSDT"
"85",2019-10-25 17:00:00,8655.88,10370,8470.38,9230,162588.585413,2019-10-26 16:59:59,1522244166.41085,1185369,81590.336531,764040095.621218,"BTCUSDT"
"86",2019-10-26 17:00:00,9230,9794.98,9074.34,9529.93,93833.541604,2019-10-27 16:59:59,887438297.746267,799978,47320.55467,447629005.396563,"BTCUSDT"
"87",2019-10-27 17:00:00,9528.23,9902.1,9160,9205.14,80174.217323,2019-10-28 16:59:59,759178942.948842,681128,39754.681501,376584590.218581,"BTCUSDT"
"88",2019-10-28 17:00:00,9204.45,9550,9072,9407.62,64158.462446,2019-10-29 16:59:59,600611324.6357,559589,32787.049174,307062268.419918,"BTCUSDT"
"89",2019-10-29 17:00:00,9407.62,9409.84,9001.01,9154.72,55241.786434,2019-10-30 16:59:59,506584830.031332,524035,27416.561748,251452283.205305,"BTCUSDT"
"90",2019-10-30 17:00:00,9154.02,9405,8913,9140.85,54376.024902,2019-10-31 16:59:59,498152743.734809,490183,27252.203536,249802680.663808,"BTCUSDT"
"91",2019-10-31 17:00:00,9140.86,9279,9030,9231.61,43594.814115,2019-11-01 16:59:59,398803069.009085,478002,22843.605042,209045155.880957,"BTCUSDT"
"92",2019-11-01 17:00:00,9231.4,9373.74,9186.21,9289.52,28923.060828,2019-11-02 16:59:59,268119579.730091,325421,15316.187863,141991067.153332,"BTCUSDT"
"93",2019-11-02 17:00:00,9289.85,9362.57,9066.14,9194.71,27894.378279,2019-11-03 16:59:59,256664259.662191,326024,13611.806558,125328511.004268,"BTCUSDT"
"94",2019-11-03 17:00:00,9196.46,9513.68,9115.84,9393.35,45894.456277,2019-11-04 16:59:59,426792003.174906,453749,24741.815925,230142613.207524,"BTCUSDT"
"95",2019-11-04 17:00:00,9392.4,9454.95,9175.76,9308.66,45935.873665,2019-11-05 16:59:59,428156963.078547,492885,22809.239558,212668961.376196,"BTCUSDT"
"96",2019-11-05 17:00:00,9307.73,9440.91,9250.01,9339.05,37336.170372,2019-11-06 16:59:59,348607499.831217,402997,18947.024127,176929534.860377,"BTCUSDT"
"97",2019-11-06 17:00:00,9339.16,9375,9101,9216.2,39117.470853,2019-11-07 16:59:59,361217475.058347,401984,19603.523572,181092296.040038,"BTCUSDT"
"98",2019-11-07 17:00:00,9214,9261,8696,8773.73,62107.289243,2019-11-08 16:59:59,555589995.993586,567331,30046.129291,268900339.263123,"BTCUSDT"
"99",2019-11-08 17:00:00,8773.74,8880,8724.88,8809.41,29469.481405,2019-11-09 16:59:59,259733491.829909,326730,14990.422246,132136096.268897,"BTCUSDT"
"100",2019-11-09 17:00:00,8809.18,9147.19,8750,9039.47,34422.029797,2019-11-10 16:59:59,307316853.903754,375946,17722.19709,158219187.661958,"BTCUSDT"
"101",2019-11-10 17:00:00,9040.16,9072.32,8618.68,8733.27,44888.053545,2019-11-11 16:59:59,394585996.329287,415982,22111.943057,194310323.856787,"BTCUSDT"
"102",2019-11-11 17:00:00,8733.36,8888,8567.6,8821.94,40366.629471,2019-11-12 16:59:59,352675938.430593,406765,20225.03456,176773688.171979,"BTCUSDT"
"103",2019-11-12 17:00:00,8821.91,8844.99,8702,8777.12,26810.116918,2019-11-13 16:59:59,235060554.124102,281593,13524.993035,118583622.598905,"BTCUSDT"
"104",2019-11-13 17:00:00,8777.54,8800,8582.6,8646.68,33468.468961,2019-11-14 16:59:59,290104306.953033,337019,16272.816785,141092283.637031,"BTCUSDT"
"105",2019-11-14 17:00:00,8646.38,8790,8400,8471.73,46087.417751,2019-11-15 16:59:59,394708981.315572,423919,22568.290117,193359510.761468,"BTCUSDT"
"106",2019-11-15 17:00:00,8471.62,8543,8400,8491.02,20902.299752,2019-11-16 16:59:59,177222838.385648,231473,10703.629784,90759494.9337147,"BTCUSDT"
"107",2019-11-16 17:00:00,8490.74,8635,8350.68,8502.4,27009.037082,2019-11-17 16:59:59,229995700.811584,259594,13607.516179,115878483.614996,"BTCUSDT"
"108",2019-11-17 17:00:00,8502.87,8503.52,8060,8187.17,43017.69094,2019-11-18 16:59:59,358706174.825218,366263,20525.116924,171255974.960996,"BTCUSDT"
"109",2019-11-18 17:00:00,8186.5,8218.63,8003,8133.64,43556.061025,2019-11-19 16:59:59,353463792.044434,357382,21816.725084,177061624.178835,"BTCUSDT"
"110",2019-11-19 17:00:00,8133.83,8264.29,8038.4,8098.01,32466.23098,2019-11-20 16:59:59,263387575.485922,288843,16751.186459,135913703.283766,"BTCUSDT"
"111",2019-11-20 17:00:00,8098.56,8134.73,7500,7627.74,58418.780261,2019-11-21 16:59:59,455166676.27818,430062,26902.369851,209669250.005122,"BTCUSDT"
"112",2019-11-21 17:00:00,7627.79,7750,6790,7268.23,126603.140259,2019-11-22 16:59:59,917881536.262084,817604,60867.912182,441369226.606273,"BTCUSDT"
"113",2019-11-22 17:00:00,7268.23,7344.48,7080.01,7311.57,50449.894755,2019-11-23 16:59:59,364446217.37376,414045,25882.631466,187044325.069369,"BTCUSDT"
"114",2019-11-23 17:00:00,7311.1,7330.39,6861,6903.28,67890.206483,2019-11-24 16:59:59,481922941.326976,446014,33387.528695,237048588.06349,"BTCUSDT"
"115",2019-11-24 17:00:00,6900.23,7377.69,6515,7109.57,119645.735197,2019-11-25 16:59:59,831628458.304907,679721,60533.393613,421590444.065664,"BTCUSDT"
"116",2019-11-25 17:00:00,7109.99,7340,7017.48,7156.14,65722.39769,2019-11-26 16:59:59,469602476.912681,433933,33301.349941,237985219.121134,"BTCUSDT"
"117",2019-11-26 17:00:00,7154.75,7655,6840,7508.52,92452.87349,2019-11-27 16:59:59,671646609.169551,582055,47058.028744,342164140.183157,"BTCUSDT"
"118",2019-11-27 17:00:00,7507.9,7643,7360,7419.49,56933.981109,2019-11-28 16:59:59,427572714.945601,388953,28876.708952,216954965.991689,"BTCUSDT"
"119",2019-11-28 17:00:00,7418.52,7850,7362.3,7739.68,60745.300873,2019-11-29 16:59:59,463006956.685151,412929,31576.88619,240751084.867817,"BTCUSDT"
"120",2019-11-29 17:00:00,7740.99,7810,7441,7541.89,46989.433619,2019-11-30 16:59:59,358749026.360755,346506,23743.610337,181318684.76791,"BTCUSDT"
"121",2019-11-30 17:00:00,7540.63,7541.85,7210,7390.89,60769.342313,2019-12-01 16:59:59,446524917.20597,420573,31120.002932,228709227.474782,"BTCUSDT"
"122",2019-12-01 17:00:00,7391.5,7420.56,7151.1,7294.28,46330.25604,2019-12-02 16:59:59,337889295.510181,326881,24043.616393,175417845.967771,"BTCUSDT"
"123",2019-12-02 17:00:00,7294.42,7400,7241.35,7292.71,33149.477487,2019-12-03 16:59:59,242379261.104348,265391,16639.294837,121693871.293292,"BTCUSDT"
"124",2019-12-03 17:00:00,7292.71,7750,7067,7194.32,83147.149142,2019-12-04 16:59:59,608623482.759923,516158,41867.078057,306621278.812127,"BTCUSDT"
"125",2019-12-04 17:00:00,7194.59,7485,7150,7389,59306.678855,2019-12-05 16:59:59,434738864.784012,430359,30794.874009,225785929.451964,"BTCUSDT"
"126",2019-12-05 17:00:00,7389,7590.03,7305,7527.47,48189.087944,2019-12-06 16:59:59,356905919.01556,367854,25901.014334,191894551.377195,"BTCUSDT"
"127",2019-12-06 17:00:00,7527.8,7619.62,7470.16,7488.21,31498.684173,2019-12-07 16:59:59,237000924.855305,263592,16179.184922,121730405.775308,"BTCUSDT"
"128",2019-12-07 17:00:00,7487.31,7564,7374.86,7510.11,29856.897631,2019-12-08 16:59:59,223314325.618465,257514,15295.64625,114410839.188937,"BTCUSDT"
"129",2019-12-08 17:00:00,7510.11,7650,7273,7338.64,46621.887493,2019-12-09 16:59:59,347471155.482683,359648,23733.126317,176936408.770236,"BTCUSDT"
"130",2019-12-09 17:00:00,7338.64,7407.6,7157.1,7224.13,49723.76214,2019-12-10 16:59:59,363127435.395517,439637,24739.064153,180700991.447602,"BTCUSDT"
"131",2019-12-10 17:00:00,7224.15,7275.5,7125.66,7210,30093.091944,2019-12-11 16:59:59,217095653.866589,268269,15475.539172,111646214.458424,"BTCUSDT"
"132",2019-12-11 17:00:00,7210,7295,7080.3,7198.08,42288.600932,2019-12-12 16:59:59,303657479.492691,331414,20847.384026,149736412.319929,"BTCUSDT"
"133",2019-12-12 17:00:00,7197.76,7309.05,7190.76,7258.48,27609.873795,2019-12-13 16:59:59,199836160.233652,252135,14299.033256,103507284.730332,"BTCUSDT"
"134",2019-12-13 17:00:00,7257.37,7271.77,7012,7064.05,29561.985967,2019-12-14 16:59:59,211004228.015854,276819,14397.273743,102799669.536903,"BTCUSDT"
"135",2019-12-14 17:00:00,7064.14,7200.3,7008.35,7118.59,26395.778137,2019-12-15 16:59:59,187402764.563531,262651,13778.880146,97846824.9133902,"BTCUSDT"
"136",2019-12-15 17:00:00,7119.6,7150,6836,6891.72,43863.993059,2019-12-16 16:59:59,307508569.892514,371202,21512.688371,150883357.875011,"BTCUSDT"
"137",2019-12-16 17:00:00,6891.44,6942.21,6560,6623.82,53865.069929,2019-12-17 16:59:59,364087469.822278,454097,26510.453951,179268531.687624,"BTCUSDT"
"138",2019-12-17 17:00:00,6623.84,7440,6435,7277.83,95636.651251,2019-12-18 16:59:59,654057202.158829,714073,49843.650817,341707270.924045,"BTCUSDT"
"139",2019-12-18 17:00:00,7277.83,7380,7038.31,7150.3,55509.049075,2019-12-19 16:59:59,397407677.058565,439761,27456.528272,196558003.609428,"BTCUSDT"
"140",2019-12-19 17:00:00,7151.31,7220,7079.5,7187.83,32132.069205,2019-12-20 16:59:59,229842650.421495,312766,16641.052689,119044689.291615,"BTCUSDT"
"141",2019-12-20 17:00:00,7188.01,7190.58,7105,7132.75,19467.174028,2019-12-21 16:59:59,139069157.086458,212162,10119.761012,72297064.9988913,"BTCUSDT"
"142",2019-12-21 17:00:00,7131.59,7518.54,7122.47,7501.44,39137.45515,2019-12-22 16:59:59,285577206.940635,356612,20625.436732,150554135.68143,"BTCUSDT"
"143",2019-12-22 17:00:00,7500.71,7695.38,7265.84,7317.09,68051.997203,2019-12-23 16:59:59,510710431.76686,530669,33444.243772,251116788.725293,"BTCUSDT"
"144",2019-12-23 17:00:00,7317.3,7436.68,7157.04,7255.77,43629.494188,2019-12-24 16:59:59,318428019.00091,384678,21552.751206,157326354.038349,"BTCUSDT"
"145",2019-12-24 17:00:00,7255.77,7271.77,7128.86,7204.63,27492.044323,2019-12-25 16:59:59,198273303.109546,289924,14433.038991,104115922.412875,"BTCUSDT"
"146",2019-12-25 17:00:00,7205.01,7435,7157.12,7202,36259.761076,2019-12-26 16:59:59,263289798.956188,337695,18887.865665,137178762.789337,"BTCUSDT"
"147",2019-12-26 17:00:00,7202,7275.86,7076.42,7254.74,33642.701861,2019-12-27 16:59:59,242214722.72289,297262,16882.396768,121593559.335066,"BTCUSDT"
"148",2019-12-27 17:00:00,7254.77,7365.01,7238.67,7316.14,26848.982199,2019-12-28 16:59:59,196322192.438002,272607,13894.476242,101598406.027704,"BTCUSDT"
"149",2019-12-28 17:00:00,7315.36,7528.45,7288,7388.24,31387.106085,2019-12-29 16:59:59,231731575.828217,283213,15999.777828,118139507.928627,"BTCUSDT"
"150",2019-12-29 17:00:00,7388.43,7408.24,7220,7246,29605.911782,2019-12-30 16:59:59,216508875.517675,279033,13768.256664,100676879.90295,"BTCUSDT"
"151",2019-12-30 17:00:00,7246,7320,7145.01,7195.23,25954.453533,2019-12-31 16:59:59,187518399.34504,251976,12595.930347,91036201.1378344,"BTCUSDT"
"152",2019-12-31 17:00:00,7195.24,7255,7175.15,7200.85,16792.388165,2020-01-01 16:59:59,121214452.116062,194010,8946.955535,64597785.2123343,"BTCUSDT"
"153",2020-01-01 17:00:00,7200.77,7212.5,6924.74,6965.71,31951.483932,2020-01-02 16:59:59,225982341.30114,302667,15141.61134,107060829.078065,"BTCUSDT"
"154",2020-01-02 17:00:00,6965.49,7405,6871.04,7344.96,68428.500451,2020-01-03 16:59:59,495098582.962035,519854,35595.496273,257713113.851729,"BTCUSDT"
"155",2020-01-03 17:00:00,7345,7404,7272.21,7354.11,29987.974977,2020-01-04 16:59:59,219874240.939948,279370,16369.382248,120035111.724072,"BTCUSDT"
"156",2020-01-04 17:00:00,7354.19,7495,7318,7358.75,38331.085604,2020-01-05 16:59:59,284848683.789176,329209,19455.369564,144600094.389651,"BTCUSDT"
"157",2020-01-05 17:00:00,7357.64,7795.34,7346.76,7758,54635.695316,2020-01-06 16:59:59,413330481.226049,449937,28853.76777,218411610.659425,"BTCUSDT"
"158",2020-01-06 17:00:00,7758.9,8207.68,7723.71,8145.28,91171.684661,2020-01-07 16:59:59,724202791.142963,685315,46192.111549,366866967.613932,"BTCUSDT"
"159",2020-01-07 17:00:00,8145.92,8455,7870,8055.98,112622.64264,2020-01-08 16:59:59,926410232.604506,830375,55071.109514,453284250.45454,"BTCUSDT"
"160",2020-01-08 17:00:00,8054.72,8055.96,7750,7817.76,64239.51983,2020-01-09 16:59:59,507258250.47488,478800,31645.759221,249899679.334401,"BTCUSDT"
"161",2020-01-09 17:00:00,7817.74,8199,7672,8197.02,82406.777448,2020-01-10 16:59:59,652774220.388437,606101,42361.755307,335845385.674833,"BTCUSDT"
"162",2020-01-10 17:00:00,8198.86,8286.34,8003.16,8020.01,54810.032667,2020-01-11 16:59:59,445034349.564702,469131,27916.124974,226716001.442886,"BTCUSDT"
"163",2020-01-11 17:00:00,8020.01,8197,7960,8184.98,38131.494336,2020-01-12 16:59:59,309351920.45885,350662,19718.541096,159972663.992919,"BTCUSDT"
"164",2020-01-12 17:00:00,8184.97,8196,8055.89,8110.34,31159.755683,2020-01-13 16:59:59,252656965.35815,289144,15215.226501,123407351.918079,"BTCUSDT"
"165",2020-01-13 17:00:00,8110.34,8880,8105.54,8810.01,120399.126742,2020-01-14 16:59:59,1032735180.86587,915328,62492.096676,536081638.054186,"BTCUSDT"
"166",2020-01-14 17:00:00,8814.64,8916.48,8564,8821.41,84816.297606,2020-01-15 16:59:59,743712237.279082,764048,42493.551026,372770745.179299,"BTCUSDT"
"167",2020-01-15 17:00:00,8820.01,8859.81,8586,8720.01,51991.074284,2020-01-16 16:59:59,451752380.281081,543064,25996.30135,225914888.377772,"BTCUSDT"
"168",2020-01-16 17:00:00,8720.15,9041.65,8672.44,8913.28,70897.737377,2020-01-17 16:59:59,629568740.707009,676403,36139.808845,320997160.958917,"BTCUSDT"
"169",2020-01-17 17:00:00,8913.27,8988.88,8806.38,8915.96,38294.746545,2020-01-18 16:59:59,340852837.91608,458182,19421.295313,172895403.239743,"BTCUSDT"
"170",2020-01-18 17:00:00,8915.09,9198.98,8466,8701.7,70676.889259,2020-01-19 16:59:59,623950864.276293,615665,33655.943241,297282818.093159,"BTCUSDT"
"171",2020-01-19 17:00:00,8701.72,8746.99,8521.28,8642.35,38896.639746,2020-01-20 16:59:59,336447837.001806,385006,19453.863782,168293007.487546,"BTCUSDT"
"172",2020-01-20 17:00:00,8642.35,8789,8488,8736.03,36494.687659,2020-01-21 16:59:59,316056704.984738,365621,18731.871637,162303157.942794,"BTCUSDT"
"173",2020-01-21 17:00:00,8736.04,8818,8590,8682.36,29080.557138,2020-01-22 16:59:59,252638888.214925,317424,14477.157512,125794389.995543,"BTCUSDT"
"174",2020-01-22 17:00:00,8682.77,8691.81,8306.39,8404.52,48165.944597,2020-01-23 16:59:59,407428808.675337,464805,23287.712444,196965082.040414,"BTCUSDT"
"175",2020-01-23 17:00:00,8404.52,8528.02,8238,8439,41687.529529,2020-01-24 16:59:59,349874174.790039,407271,21293.489586,178752179.114777,"BTCUSDT"
"176",2020-01-24 17:00:00,8438.99,8451.26,8254.9,8340.58,25521.157932,2020-01-25 16:59:59,212869245.635898,283118,13076.752786,109098245.224273,"BTCUSDT"
"177",2020-01-25 17:00:00,8340.01,8618.13,8293.66,8615,31130.485164,2020-01-26 16:59:59,263941925.272999,332612,15797.911267,133936210.143563,"BTCUSDT"
"178",2020-01-26 17:00:00,8614.39,9000,8535,8907.57,53973.542996,2020-01-27 16:59:59,473194952.804469,514196,28592.326521,250794158.809191,"BTCUSDT"
"179",2020-01-27 17:00:00,8907.57,9400,8862.4,9374.21,74584.853765,2020-01-28 16:59:59,676593159.48234,616678,38852.363246,352558461.215382,"BTCUSDT"
"180",2020-01-28 17:00:00,9375.34,9449.24,9216,9301.53,53864.065122,2020-01-29 16:59:59,503188568.836358,492545,26615.651329,248688826.41119,"BTCUSDT"
"181",2020-01-29 17:00:00,9301.57,9578,9204.44,9513.21,60626.744259,2020-01-30 16:59:59,569652869.819684,529570,30852.55545,290043577.439287,"BTCUSDT"
"182",2020-01-30 17:00:00,9511.52,9530.22,9210.01,9352.89,45552.022352,2020-01-31 16:59:59,425779010.406537,428547,22482.470899,210150300.222274,"BTCUSDT"
"183",2020-01-31 17:00:00,9351.71,9464.53,9281,9384.61,28578.067354,2020-02-01 16:59:59,268137739.993338,334972,14679.126305,137764121.891687,"BTCUSDT"
"184",2020-02-01 17:00:00,9384.41,9477.03,9120,9331.51,45690.91254,2020-02-02 16:59:59,428064088.690468,446558,22588.40606,211808205.791569,"BTCUSDT"
"185",2020-02-02 17:00:00,9331.59,9618.79,9234,9292.24,50892.133451,2020-02-03 16:59:59,476379993.492472,492124,24781.397696,232065946.538542,"BTCUSDT"
"186",2020-02-03 17:00:00,9291.35,9350,9093.01,9197.02,53308.175266,2020-02-04 16:59:59,491136137.210763,528930,26103.432307,240571508.240152,"BTCUSDT"
"187",2020-02-04 17:00:00,9197.02,9744.45,9177.22,9612.04,64870.415615,2020-02-05 16:59:59,613540574.781831,661758,35375.605202,334620486.137367,"BTCUSDT"
"188",2020-02-05 17:00:00,9612.03,9862.57,9526.35,9772,64949.706588,2020-02-06 16:59:59,631245079.822381,682179,32143.454647,312506614.386625,"BTCUSDT"
"189",2020-02-06 17:00:00,9772,9885,9730,9813.73,43966.114632,2020-02-07 16:59:59,430744860.181439,582249,22733.988186,222761439.955789,"BTCUSDT"
"190",2020-02-07 17:00:00,9813.87,9940,9667.11,9895.05,43600.843666,2020-02-08 16:59:59,427781790.200816,514573,22664.381837,222438123.846687,"BTCUSDT"
"191",2020-02-08 17:00:00,9895.04,10166,9880.75,10151.75,43408.475616,2020-02-09 16:59:59,437441704.905396,536848,22408.277327,225799470.002747,"BTCUSDT"
"192",2020-02-09 17:00:00,10151.72,10188,9756,9851.83,59573.084619,2020-02-10 16:59:59,590091358.442907,690308,28618.883245,283509329.436813,"BTCUSDT"
"193",2020-02-10 17:00:00,9851.74,10323.59,9700,10223.08,62422.395224,2020-02-11 16:59:59,624970415.405474,710170,31905.31642,319373572.872505,"BTCUSDT"
"194",2020-02-11 17:00:00,10223.08,10450,10223.08,10326.46,61008.06393,2020-02-12 16:59:59,629756037.516079,857655,31141.8077,321525481.541402,"BTCUSDT"
"195",2020-02-12 17:00:00,10325.33,10500,10080,10229.63,79344.358759,2020-02-13 16:59:59,815507473.735361,932802,38475.272548,395629173.038623,"BTCUSDT"
"196",2020-02-13 17:00:00,10227.78,10381.56,10111.37,10344.36,47038.480173,2020-02-14 16:59:59,482455622.003626,622310,23697.005493,243079257.305515,"BTCUSDT"
"197",2020-02-14 17:00:00,10344.36,10375,9801,9904.72,57657.202947,2020-02-15 16:59:59,580845331.174785,739781,26758.580323,269731775.503156,"BTCUSDT"
"198",2020-02-15 17:00:00,9904.46,10050,9638.12,9917.27,60023.999537,2020-02-16 16:59:59,592584876.904086,708070,29406.136839,290482773.251937,"BTCUSDT"
"199",2020-02-16 17:00:00,9910.7,9964.16,9452.67,9706,70261.011901,2020-02-17 16:59:59,680009637.615995,778058,33221.839241,321724146.097348,"BTCUSDT"
"200",2020-02-17 17:00:00,9706,10250,9576.01,10164.71,70604.124019,2020-02-18 16:59:59,696870122.812608,723413,37303.996326,368380176.648726,"BTCUSDT"
"201",2020-02-18 17:00:00,10164.78,10250,9350,9593.79,55162.586895,2020-02-19 16:59:59,547679966.929226,588760,25457.91648,253188749.128235,"BTCUSDT"
"202",2020-02-19 17:00:00,9594.65,9699,9400,9596.42,60152.342914,2020-02-20 16:59:59,576020107.462602,667387,29843.208875,285816414.87816,"BTCUSDT"
"203",2020-02-20 17:00:00,9597.21,9755.51,9550.21,9677.05,42181.554524,2020-02-21 16:59:59,408286949.803529,470599,21645.267614,209532434.576333,"BTCUSDT"
"204",2020-02-21 17:00:00,9677.05,9709.17,9560.02,9650.86,24636.757623,2020-02-22 16:59:59,237544283.225259,319961,13267.246511,127929552.997598,"BTCUSDT"
"205",2020-02-22 17:00:00,9650.85,9990,9645,9936.4,37702.089843,2020-02-23 16:59:59,371815095.467445,441935,20035.250549,197592792.862469,"BTCUSDT"
"206",2020-02-23 17:00:00,9936.4,9990,9473.56,9656.13,55796.59612,2020-02-24 16:59:59,542081527.640833,589384,26426.930644,256859539.020507,"BTCUSDT"
"207",2020-02-24 17:00:00,9655.52,9675,9250,9315.84,54379.344552,2020-02-25 16:59:59,514946930.566023,579079,26318.934158,249358678.881313,"BTCUSDT"
"208",2020-02-25 17:00:00,9316.48,9377.44,8633.63,8785.25,92130.345482,2020-02-26 16:59:59,830717784.379095,871018,41928.874809,378197861.581655,"BTCUSDT"
"209",2020-02-26 17:00:00,8786,8971.77,8531,8823.21,72483.578762,2020-02-27 16:59:59,636955872.762546,696646,35410.014492,311229361.683852,"BTCUSDT"
"210",2020-02-27 17:00:00,8823.25,8900,8445,8692.91,71155.208977,2020-02-28 16:59:59,615664817.010391,655727,35295.606135,305533926.984734,"BTCUSDT"
"211",2020-02-28 17:00:00,8690.8,8790,8523.55,8523.61,36748.183035,2020-02-29 16:59:59,318585951.988532,414175,18916.854559,164044036.868721,"BTCUSDT"
"212",2020-02-29 17:00:00,8523.61,8750,8411,8531.88,43892.201779,2020-03-01 16:59:59,375729315.254083,472019,21838.368866,186962259.706891,"BTCUSDT"
"213",2020-03-01 17:00:00,8530.3,8965.75,8498,8915.24,60401.31773,2020-03-02 16:59:59,528906629.562819,564535,31213.080602,273395227.948324,"BTCUSDT"
"214",2020-03-02 17:00:00,8911.18,8919.65,8651,8760.07,55154.997282,2020-03-03 16:59:59,484181096.322956,512762,26954.229745,236655810.144592,"BTCUSDT"
"215",2020-03-03 17:00:00,8760.07,8848.29,8660,8750.87,38696.482578,2020-03-04 16:59:59,338849891.952935,454817,19279.33119,168832874.507235,"BTCUSDT"
"216",2020-03-04 17:00:00,8750.99,9159.42,8746.54,9054.68,58201.866355,2020-03-05 16:59:59,524102029.204783,619552,30482.082171,274387102.910889,"BTCUSDT"
"217",2020-03-05 17:00:00,9054.64,9170,8985.5,9131.88,43782.948044,2020-03-06 16:59:59,397598476.420563,493216,22296.560506,202484342.221172,"BTCUSDT"
"218",2020-03-06 17:00:00,9130.89,9188,8835,8886.66,45422.204525,2020-03-07 16:59:59,409983263.789138,485400,22281.715855,201161181.304732,"BTCUSDT"
"219",2020-03-07 17:00:00,8885.25,8886.76,8000,8033.31,77537.315166,2020-03-08 16:59:59,656931544.78216,740741,34843.607849,295351474.435449,"BTCUSDT"
"220",2020-03-08 17:00:00,8034.76,8179.31,7632.01,7929.87,116968.863268,2020-03-09 16:59:59,918787729.085584,929234,58020.957927,455866837.304623,"BTCUSDT"
"221",2020-03-09 17:00:00,7929.87,8149,7728.01,7894.56,86783.443875,2020-03-10 16:59:59,689700153.449093,737528,43673.584024,347117049.361967,"BTCUSDT"
"222",2020-03-10 17:00:00,7894.57,7980,7590,7934.52,79942.411172,2020-03-11 16:59:59,624465167.364819,699401,40497.892738,316442882.759701,"BTCUSDT"
"223",2020-03-11 17:00:00,7934.58,7966.17,4410,4800,261505.608653,2020-03-12 16:59:59,1628590104.22221,1770812,119298.006197,743481672.203765,"BTCUSDT"
"224",2020-03-12 17:00:00,4800.01,5955,3782.13,5578.6,402201.673764,2020-03-13 16:59:59,2063819540.63899,2309830,197511.954273,1017423855.75575,"BTCUSDT"
"225",2020-03-13 17:00:00,5576.05,5640.52,5055.13,5172.06,136910.135974,2020-03-14 16:59:59,736651880.921079,1106125,66104.019729,356020329.852177,"BTCUSDT"
"226",2020-03-14 17:00:00,5172.48,5940,5093.1,5361.3,139916.146534,2020-03-15 16:59:59,753755706.426877,1037714,70540.65095,380499471.949823,"BTCUSDT"
"227",2020-03-15 17:00:00,5360.33,5365.42,4442.12,5028.97,227276.92276,2020-03-16 16:59:59,1113690309.10159,1608176,108901.967366,533857910.816587,"BTCUSDT"
"228",2020-03-16 17:00:00,5028.86,5525,4921.45,5312.64,150089.926318,2020-03-17 16:59:59,793147908.268497,1069217,74698.374254,394902319.124159,"BTCUSDT"
"229",2020-03-17 17:00:00,5312.64,5436.17,5009.37,5393.04,137127.634894,2020-03-18 16:59:59,719748122.45302,962843,65106.067778,341970839.577982,"BTCUSDT"
"230",2020-03-18 17:00:00,5393.26,6400,5252.53,6162.37,199020.873439,2020-03-19 16:59:59,1164739707.51424,1403608,99011.947011,579536547.758224,"BTCUSDT"
"231",2020-03-19 17:00:00,6162.05,6900,5670,6208.36,219298.329514,2020-03-20 16:59:59,1401734013.1752,1580069,104719.63918,670117999.148142,"BTCUSDT"
"232",2020-03-20 17:00:00,6204.57,6456.98,5860.02,6186.98,128913.668363,2020-03-21 16:59:59,794962136.638417,990974,63326.096852,390737241.11381,"BTCUSDT"
"233",2020-03-21 17:00:00,6187.04,6407.87,5734.01,5816.19,119115.990527,2020-03-22 16:59:59,722895653.510062,952259,57189.898349,347411876.360958,"BTCUSDT"
"234",2020-03-22 17:00:00,5816.05,6600,5688,6467.31,164674.215785,2020-03-23 16:59:59,1015525672.07439,1099406,84136.011728,519197453.135888,"BTCUSDT"
"235",2020-03-23 17:00:00,6465.25,6833,6371.33,6744.72,151138.009878,2020-03-24 16:59:59,1001890515.23999,1012669,72781.817328,482659188.552768,"BTCUSDT"
"236",2020-03-24 17:00:00,6744.69,6957.96,6450,6677.43,132155.734989,2020-03-25 16:59:59,880250736.907989,912179,63515.16835,423439621.640695,"BTCUSDT"
"237",2020-03-25 17:00:00,6677.42,6780,6510,6737.36,83026.555211,2020-03-26 16:59:59,552537189.479351,668467,41123.410506,273834254.466925,"BTCUSDT"
"238",2020-03-26 17:00:00,6737.27,6842.59,6261,6359.11,82914.968354,2020-03-27 16:59:59,551326113.855204,643631,38439.272216,255910741.817602,"BTCUSDT"
"239",2020-03-27 17:00:00,6359.11,6360,6024,6236.65,93159.693429,2020-03-28 16:59:59,577986706.128937,725588,44960.523438,279053353.635003,"BTCUSDT"
"240",2020-03-28 17:00:00,6236.65,6266,5866.56,5881.42,63311.627714,2020-03-29 16:59:59,383707122.500963,496709,29080.967922,176336037.904513,"BTCUSDT"
"241",2020-03-29 17:00:00,5880.5,6599,5857.76,6394.38,118889.549992,2020-03-30 16:59:59,747569726.45442,784034,58863.312983,370039956.007381,"BTCUSDT"
"242",2020-03-30 17:00:00,6394.45,6523.23,6321.4,6410.44,72337.595259,2020-03-31 16:59:59,465780496.622487,538231,34730.902334,223650665.249811,"BTCUSDT"
"243",2020-03-31 17:00:00,6412.14,6679.94,6150.11,6642.92,97500.7524,2020-04-01 16:59:59,618527468.834164,758061,49161.370195,312180122.980266,"BTCUSDT"
"244",2020-04-01 17:00:00,6643.36,7198,6551,6794.09,149299.906871,2020-04-02 16:59:59,1014494762.44164,1101043,74722.163748,508095825.958677,"BTCUSDT"
"245",2020-04-02 17:00:00,6793.86,7048,6602.1,6734.1,104080.276939,2020-04-03 16:59:59,710254017.100272,840456,51077.938671,348762338.666862,"BTCUSDT"
"246",2020-04-03 17:00:00,6732.97,6990.41,6650.01,6856.99,72990.861139,2020-04-04 16:59:59,495076283.520904,659051,36419.056684,247173793.291466,"BTCUSDT"
"247",2020-04-04 17:00:00,6857.41,6895.54,6677.52,6772.78,49685.356983,2020-04-05 16:59:59,337062083.002028,506433,23875.578312,162008820.388775,"BTCUSDT"
"248",2020-04-05 17:00:00,6772.78,7355.14,6765,7329.9,118052.000832,2020-04-06 16:59:59,837357664.651921,956586,59322.208873,420706756.208279,"BTCUSDT"
"249",2020-04-06 17:00:00,7329.9,7459.69,7077,7197.32,103585.168918,2020-04-07 16:59:59,757201786.697663,924436,48811.267789,357008427.725539,"BTCUSDT"
"250",2020-04-07 17:00:00,7197.32,7420,7150,7361.28,76059.145838,2020-04-08 16:59:59,555122600.275026,750516,39000.552565,284685809.777466,"BTCUSDT"
"251",2020-04-08 17:00:00,7360.26,7371.92,7108.08,7283.54,61094.872417,2020-04-09 16:59:59,444741085.903759,686207,28801.892851,209718590.142896,"BTCUSDT"
"252",2020-04-09 17:00:00,7283.54,7295.75,6739.98,6858.92,104674.623375,2020-04-10 16:59:59,727281590.77194,949050,47958.960805,333222230.69815,"BTCUSDT"
"253",2020-04-10 17:00:00,6858.92,6944.3,6760,6876.83,45470.293206,2020-04-11 16:59:59,311699573.516674,484618,21157.128381,145036158.547118,"BTCUSDT"
"254",2020-04-11 17:00:00,6876.84,7177,6780,6903.79,73868.666501,2020-04-12 16:59:59,516235035.186511,648323,35637.958687,249206873.18272,"BTCUSDT"
"255",2020-04-12 17:00:00,6903.79,6903.79,6575,6837.91,96415.476573,2020-04-13 16:59:59,649390681.248503,804179,44648.492187,300780988.709931,"BTCUSDT"
"256",2020-04-13 17:00:00,6838.04,6978,6754.28,6868.7,69068.623285,2020-04-14 16:59:59,474794776.192111,608665,32019.322337,220122993.726576,"BTCUSDT"
"257",2020-04-14 17:00:00,6868.57,6933,6605,6621.24,61571.384994,2020-04-15 16:59:59,416947490.615696,581374,29866.89225,202324176.160037,"BTCUSDT"
"258",2020-04-15 17:00:00,6621.25,7190,6468.27,7101.94,125009.857539,2020-04-16 16:59:59,865277543.394693,971163,63251.204331,438475139.108297,"BTCUSDT"
"259",2020-04-16 17:00:00,7101.99,7148.12,6972.98,7027.55,54126.509763,2020-04-17 16:59:59,382334236.169479,537554,25973.970677,183489537.174534,"BTCUSDT"
"260",2020-04-17 17:00:00,7026.78,7293.08,7014.4,7248.6,49488.542819,2020-04-18 16:59:59,354845083.776189,494670,23980.644731,171950110.370116,"BTCUSDT"
"261",2020-04-18 17:00:00,7248.6,7266.15,7055.6,7120.74,45664.86393,2020-04-19 16:59:59,326485586.931738,483574,21519.030976,153854417.370689,"BTCUSDT"
"262",2020-04-19 17:00:00,7121.4,7220,6751,6826.83,90149.49137,2020-04-20 16:59:59,629612368.747689,785174,40427.515933,282531224.312811,"BTCUSDT"
"263",2020-04-20 17:00:00,6828.98,6940,6762,6841.37,60109.710808,2020-04-21 16:59:59,411800606.081597,555797,27732.164398,190003705.320725,"BTCUSDT"
"264",2020-04-21 17:00:00,6841.36,7156.38,6818,7125.14,61486.377334,2020-04-22 16:59:59,431271646.175599,508659,28258.859922,198241315.961853,"BTCUSDT"
"265",2020-04-22 17:00:00,7125.12,7738,7020,7482.39,102773.569561,2020-04-23 16:59:59,756320213.585852,881099,52475.598541,386041564.824451,"BTCUSDT"
"266",2020-04-23 17:00:00,7483.96,7615.96,7388,7505,60182.119939,2020-04-24 16:59:59,452118137.794002,601093,29412.509143,220931579.320653,"BTCUSDT"
"267",2020-04-24 17:00:00,7505,7705,7431.07,7538.67,43874.427726,2020-04-25 16:59:59,331292050.771973,521943,21111.140946,159480178.3799,"BTCUSDT"
"268",2020-04-25 17:00:00,7539.03,7700,7480,7693.1,50522.616209,2020-04-26 16:59:59,384202783.27471,554480,24707.494225,187939788.771443,"BTCUSDT"
"269",2020-04-26 17:00:00,7693.1,7792.02,7606,7774.62,65441.339576,2020-04-27 16:59:59,504025811.651254,637800,31594.106596,243380424.90896,"BTCUSDT"
"270",2020-04-27 17:00:00,7773.51,7780,7659.12,7738.98,46302.752638,2020-04-28 16:59:59,357391780.930763,499414,21305.50136,164468534.088449,"BTCUSDT"
"271",2020-04-28 17:00:00,7738.58,8952.89,7710.05,8778.57,183546.887514,2020-04-29 16:59:59,1536390177.04495,1433128,91462.005617,765292175.067188,"BTCUSDT"
"272",2020-04-29 17:00:00,8778.58,9460,8401,8620,206277.214124,2020-04-30 16:59:59,1839283907.46252,1661554,99484.476377,887675398.177694,"BTCUSDT"
"273",2020-04-30 17:00:00,8620,9059.18,8613.56,8826.96,91468.815059,2020-05-01 16:59:59,805640126.63087,865960,44763.354481,394216389.903865,"BTCUSDT"
"274",2020-05-01 17:00:00,8825.67,9010,8753,8972.05,59002.08755,2020-05-02 16:59:59,523838859.544249,637884,30400.353449,269917468.341601,"BTCUSDT"
"275",2020-05-02 17:00:00,8972.58,9200,8712,8894.16,90126.065643,2020-05-03 16:59:59,808427095.932159,877460,44321.3704,397824441.801237,"BTCUSDT"
"276",2020-05-03 17:00:00,8894.15,8950,8522,8871.96,84418.512331,2020-05-04 16:59:59,738343818.693925,848802,39118.380222,342180074.580018,"BTCUSDT"
"277",2020-05-04 17:00:00,8871.92,9118.58,8760,9021.83,76480.765342,2020-05-05 16:59:59,683083018.877981,812543,37454.518379,334700993.43285,"BTCUSDT"
"278",2020-05-05 17:00:00,9021.36,9395,8906.21,9142.92,105925.30242,2020-05-06 16:59:59,972793508.464907,1007661,51189.790893,470167656.565603,"BTCUSDT"
"279",2020-05-06 17:00:00,9143.4,10067,9021,9986.4,147154.611378,2020-05-07 16:59:59,1409783462.00636,1254835,74602.193112,715407978.196104,"BTCUSDT"
"280",2020-05-07 17:00:00,9986.3,10035.96,9705,9800.01,100683.7964,2020-05-08 16:59:59,997005843.740479,967816,46207.637594,457701324.858866,"BTCUSDT"
"281",2020-05-08 17:00:00,9800.02,9914.25,9520,9539.4,81950.679567,2020-05-09 16:59:59,795001351.679702,839384,36738.679244,356475632.658925,"BTCUSDT"
"282",2020-05-09 17:00:00,9539.1,9574.83,8117,8722.77,183865.182028,2020-05-10 16:59:59,1594996476.97564,1565771,84376.580774,731417660.351995,"BTCUSDT"
"283",2020-05-10 17:00:00,8722.77,9168,8200,8561.52,168807.251832,2020-05-11 16:59:59,1468392820.7608,1367382,81474.595067,708958944.158659,"BTCUSDT"
"284",2020-05-11 17:00:00,8562.04,8978.26,8528.78,8810.79,86522.780066,2020-05-12 16:59:59,760195457.050959,784859,40570.317401,356508014.188468,"BTCUSDT"
"285",2020-05-12 17:00:00,8810.99,9398,8792.99,9309.37,92466.274018,2020-05-13 16:59:59,839725719.960208,869216,43648.354655,396713970.044331,"BTCUSDT"
"286",2020-05-13 17:00:00,9309.35,9939,9256.76,9791.98,129565.37747,2020-05-14 16:59:59,1247456797.81367,1199530,63438.510993,611313934.391324,"BTCUSDT"
"287",2020-05-14 17:00:00,9791.97,9845.62,9150,9316.42,115890.761516,2020-05-15 16:59:59,1099721375.89191,1055630,55397.123434,525813199.336649,"BTCUSDT"
"288",2020-05-15 17:00:00,9315.96,9588,9220,9381.27,59587.627862,2020-05-16 16:59:59,560547005.025909,692028,28861.3682,271542836.213801,"BTCUSDT"
"289",2020-05-16 17:00:00,9380.81,9888,9322.1,9680.04,68647.764323,2020-05-17 16:59:59,663088800.815278,722718,34734.034993,335478915.976437,"BTCUSDT"
"290",2020-05-17 17:00:00,9681.11,9950,9464.23,9733.93,82006.603583,2020-05-18 16:59:59,797622297.326168,794292,40242.842986,391957586.200578,"BTCUSDT"
"291",2020-05-18 17:00:00,9733.93,9897.21,9474,9775.53,78539.760454,2020-05-19 16:59:59,760713946.008546,773581,37821.719308,366745428.208161,"BTCUSDT"
"292",2020-05-19 17:00:00,9775.13,9842,9326,9511.43,74923.73809,2020-05-20 16:59:59,721190802.763403,731189,33481.796678,322416331.962453,"BTCUSDT"
"293",2020-05-20 17:00:00,9511.43,9578.47,8815,9068.65,108928.780969,2020-05-21 16:59:59,1002046265.94126,951971,49914.081138,459089374.16888,"BTCUSDT"
"294",2020-05-21 17:00:00,9067.51,9271,8933.52,9170,58943.131024,2020-05-22 16:59:59,537847834.496709,693694,28987.315896,264538897.259025,"BTCUSDT"
"295",2020-05-22 17:00:00,9170,9307.85,9070,9179.15,43526.296966,2020-05-23 16:59:59,400407195.628922,512460,21377.616332,196682791.175936,"BTCUSDT"
"296",2020-05-23 17:00:00,9179.01,9298,8700,8720.34,70379.86645,2020-05-24 16:59:59,636787240.373325,774088,32046.411444,290362268.472147,"BTCUSDT"
"297",2020-05-24 17:00:00,8718.14,8979.66,8642.72,8900.35,62833.910949,2020-05-25 16:59:59,553545285.914014,733557,30771.888744,271166770.944938,"BTCUSDT"
"298",2020-05-25 17:00:00,8900.35,9017.67,8700,8841.18,58299.770138,2020-05-26 16:59:59,516455128.890688,678304,28242.170083,250278944.164975,"BTCUSDT"
"299",2020-05-26 17:00:00,8841,9225,8811.73,9204.07,68910.355514,2020-05-27 16:59:59,624660855.780037,662850,33532.620265,304057334.991505,"BTCUSDT"
"300",2020-05-27 17:00:00,9204.07,9625.47,9110,9575.89,74110.787662,2020-05-28 16:59:59,693930106.181383,738725,37974.899609,355720464.863084,"BTCUSDT"
"301",2020-05-28 17:00:00,9575.87,9605.26,9330,9427.07,57374.362961,2020-05-29 16:59:59,542758086.60647,593705,26819.212894,253696538.731753,"BTCUSDT"
"302",2020-05-29 17:00:00,9426.6,9740,9331.23,9697.72,55665.27254,2020-05-30 16:59:59,530598690.07145,651290,29252.679904,279016030.13118,"BTCUSDT"
"303",2020-05-30 17:00:00,9697.72,9700,9381.41,9448.27,48333.786403,2020-05-31 16:59:59,461272298.852521,651473,22778.001169,217450165.018063,"BTCUSDT"
"304",2020-05-31 17:00:00,9448.27,10380,9421.67,10200.77,76649.12696,2020-06-01 16:59:59,749707596.659357,826964,41530.412317,406777189.28315,"BTCUSDT"
"305",2020-06-01 17:00:00,10202.71,10228.99,9266,9518.04,108970.773151,2020-06-02 16:59:59,1070060237.13021,1004312,49354.907969,485973112.193519,"BTCUSDT"
"306",2020-06-02 17:00:00,9518.02,9690,9365.21,9666.24,46252.644939,2020-06-03 16:59:59,441928818.043016,562784,22656.30815,216537558.016851,"BTCUSDT"
"307",2020-06-03 17:00:00,9666.32,9881.63,9450,9789.06,57456.100969,2020-06-04 16:59:59,557234945.646739,665881,28778.237371,279263924.707829,"BTCUSDT"
"308",2020-06-04 17:00:00,9788.14,9854.75,9581,9621.16,47788.05005,2020-06-05 16:59:59,465200788.203634,566062,22329.107119,217444468.950529,"BTCUSDT"
"309",2020-06-05 17:00:00,9621.17,9735,9531.05,9666.3,32752.950893,2020-06-06 16:59:59,315604867.236149,435796,15832.693765,152610794.945549,"BTCUSDT"
"310",2020-06-06 17:00:00,9666.85,9802,9372.46,9746.99,57952.848385,2020-06-07 16:59:59,556919603.791545,637766,28426.595129,273242856.191348,"BTCUSDT"
"311",2020-06-07 17:00:00,9746.99,9800,9633,9782.01,40664.664125,2020-06-08 16:59:59,395459395.821337,485139,19744.039124,192037951.04549,"BTCUSDT"
"312",2020-06-08 17:00:00,9782,9877,9570,9772.43,46024.001289,2020-06-09 16:59:59,447208895.838698,551863,21901.19095,212965408.677828,"BTCUSDT"
"313",2020-06-09 17:00:00,9772.44,9992.72,9704.18,9885,47130.762982,2020-06-10 16:59:59,462384305.351199,560909,23128.161032,226982635.619154,"BTCUSDT"
"314",2020-06-10 17:00:00,9885.22,9964,9113,9280.4,94418.98473,2020-06-11 16:59:59,902075648.545385,966502,40972.064749,391689549.657966,"BTCUSDT"
"315",2020-06-11 17:00:00,9278.88,9557.12,9232.51,9465.13,50119.066932,2020-06-12 16:59:59,472007894.375675,553203,24344.81637,229325970.871132,"BTCUSDT"
"316",2020-06-12 17:00:00,9464.96,9494.73,9351,9473.34,27759.784851,2020-06-13 16:59:59,261673162.258472,392763,13531.007214,127577168.31734,"BTCUSDT"
"317",2020-06-13 17:00:00,9473.34,9480.99,9245,9342.1,30055.506608,2020-06-14 16:59:59,282131272.380066,415568,14465.416151,135811554.064216,"BTCUSDT"
"318",2020-06-14 17:00:00,9342.1,9495,8910.45,9426.02,86107.924707,2020-06-15 16:59:59,793518842.550985,839521,41630.747529,384031123.181729,"BTCUSDT"
"319",2020-06-15 17:00:00,9426.05,9589,9373.09,9525.59,52052.446927,2020-06-16 16:59:59,494458269.139791,543481,25692.839625,244097412.882808,"BTCUSDT"
"320",2020-06-16 17:00:00,9526.97,9565,9236.61,9465.14,48046.411152,2020-06-17 16:59:59,453209812.225781,536158,22842.831276,215532725.633928,"BTCUSDT"
"321",2020-06-17 17:00:00,9465.13,9489,9280,9386.32,37381.953765,2020-06-18 16:59:59,351649555.072539,475074,17940.405253,168801558.379332,"BTCUSDT"
"322",2020-06-18 17:00:00,9386.32,9438.3,9215.79,9310.23,45330.983673,2020-06-19 16:59:59,423086965.192738,503484,22055.969046,205898368.340149,"BTCUSDT"
"323",2020-06-19 17:00:00,9310.23,9395,9170.95,9358.95,30329.065384,2020-06-20 16:59:59,282120360.556753,382778,15125.081769,140741525.620683,"BTCUSDT"
"324",2020-06-20 17:00:00,9358.95,9422,9281.54,9294.69,24316.926234,2020-06-21 16:59:59,227467940.610211,321015,11779.797182,110215504.555379,"BTCUSDT"
"325",2020-06-21 17:00:00,9294.69,9780,9277.09,9685.69,57895.468343,2020-06-22 16:59:59,550995799.06947,588704,30738.200375,292712778.143476,"BTCUSDT"
"326",2020-06-22 17:00:00,9685.69,9720,9577.03,9624.89,41031.02938,2020-06-23 16:59:59,395487616.460878,474319,19112.606216,184247416.849412,"BTCUSDT"
"327",2020-06-23 17:00:00,9624.33,9670,9208,9296.49,61571.561464,2020-06-24 16:59:59,579426702.796682,572362,26903.544061,253131387.599921,"BTCUSDT"
"328",2020-06-24 17:00:00,9298.33,9340,9009.69,9249.49,55831.619156,2020-06-25 16:59:59,514396747.404783,536205,26546.395563,244659133.885024,"BTCUSDT"
"329",2020-06-25 17:00:00,9249.49,9298,9045.45,9162.21,50292.298277,2020-06-26 16:59:59,461347064.829503,510947,23307.903475,213866832.838631,"BTCUSDT"
"330",2020-06-26 17:00:00,9162.21,9196.24,8833,9012,46290.930113,2020-06-27 16:59:59,419606802.237201,499415,21056.87686,191013780.260876,"BTCUSDT"
"331",2020-06-27 17:00:00,9012,9191,8948.06,9116.35,30688.176421,2020-06-28 16:59:59,278721674.922111,374404,14982.804528,136093615.819065,"BTCUSDT"
"332",2020-06-28 17:00:00,9116.16,9238,9024.67,9192.56,42120.293261,2020-06-29 16:59:59,384206326.47068,434299,20449.097796,186542867.410562,"BTCUSDT"
"333",2020-06-29 17:00:00,9192.93,9205,9064.89,9138.55,31463.162801,2020-06-30 16:59:59,287781334.517016,328083,15267.747467,139674651.102766,"BTCUSDT"
"334",2020-06-30 17:00:00,9138.08,9292,9080.1,9232,38488.528699,2020-07-01 16:59:59,354087627.169661,374832,19068.831705,175429466.28922,"BTCUSDT"
"335",2020-07-01 17:00:00,9231.99,9261.96,8940,9086.54,45725.168076,2020-07-02 16:59:59,417724468.887357,470292,21637.630489,197709875.248157,"BTCUSDT"
"336",2020-07-02 17:00:00,9086.54,9125,9037.47,9058.26,28943.420177,2020-07-03 16:59:59,263123750.467172,343189,13719.524517,124722413.067615,"BTCUSDT"
"337",2020-07-03 17:00:00,9057.79,9190,9040.04,9135.46,26441.968484,2020-07-04 16:59:59,240576054.915723,335225,13588.8196,123666216.065175,"BTCUSDT"
"338",2020-07-04 17:00:00,9135,9145.24,8893.03,9069.41,34073.653627,2020-07-05 16:59:59,308410443.659215,384500,16276.23427,147339875.53844,"BTCUSDT"
"339",2020-07-05 17:00:00,9069.41,9375,9055.92,9344.2,54463.132277,2020-07-06 16:59:59,502548376.209464,533540,28132.942222,259636973.335946,"BTCUSDT"
"340",2020-07-06 17:00:00,9342.47,9379.42,9203,9257.39,34587.336678,2020-07-07 16:59:59,320576525.35535,433481,16284.849002,150931441.599775,"BTCUSDT"
"341",2020-07-07 17:00:00,9257.4,9470,9231,9436.06,56140.517781,2020-07-08 16:59:59,525344876.699924,652605,28067.680642,262723969.149641,"BTCUSDT"
"342",2020-07-08 17:00:00,9436.06,9440.79,9160,9232.43,48044.450645,2020-07-09 16:59:59,447640493.54433,575491,22644.915501,210991009.745101,"BTCUSDT"
"343",2020-07-09 17:00:00,9232.42,9317.48,9125,9288.34,38295.494006,2020-07-10 16:59:59,352238898.769483,525484,18360.613168,168904319.255027,"BTCUSDT"
"344",2020-07-10 17:00:00,9288.34,9299.28,9178.25,9234.03,22561.366,2020-07-11 16:59:59,208410250.509594,413452,10815.473293,99921646.8834003,"BTCUSDT"
"345",2020-07-11 17:00:00,9234.02,9345,9157.5,9302.75,30872.702286,2020-07-12 16:59:59,285591381.491531,484875,14980.187704,138584259.001335,"BTCUSDT"
"346",2020-07-12 17:00:00,9303.31,9343.82,9200.89,9242.62,42740.069115,2020-07-13 16:59:59,396614086.79627,642552,19689.443337,182734051.950714,"BTCUSDT"
"347",2020-07-13 17:00:00,9242.61,9279.54,9113,9255.85,45772.552509,2020-07-14 16:59:59,421789086.454947,613139,21666.536951,199673293.75002,"BTCUSDT"
"348",2020-07-14 17:00:00,9255.85,9276.49,9160.57,9197.6,39053.579665,2020-07-15 16:59:59,360201683.494805,554780,17977.679747,165822998.031665,"BTCUSDT"
"349",2020-07-15 17:00:00,9197.6,9226.15,9047.25,9133.72,43375.571191,2020-07-16 16:59:59,395883667.0248,681807,20410.130009,186271268.492765,"BTCUSDT"
"350",2020-07-16 17:00:00,9133.72,9186.83,9089.81,9154.32,28054.358741,2020-07-17 16:59:59,256360345.576768,470991,13397.537805,122434361.707896,"BTCUSDT"
"351",2020-07-17 17:00:00,9154.31,9219.3,9121.1,9170.28,22554.541457,2020-07-18 16:59:59,206628105.362789,430377,11502.704829,105387979.463915,"BTCUSDT"
"352",2020-07-18 17:00:00,9170.3,9232.27,9101.35,9208.99,26052.019417,2020-07-19 16:59:59,238521988.031325,440449,12873.373493,117870221.424929,"BTCUSDT"
"353",2020-07-19 17:00:00,9208.99,9221.52,9131,9160.78,35458.764082,2020-07-20 16:59:59,325297289.272658,557096,16527.692886,151623269.703946,"BTCUSDT"
"354",2020-07-20 17:00:00,9160.78,9437.73,9152.8,9390,60413.582486,2020-07-21 16:59:59,563360524.799428,782959,29470.512051,274802209.580128,"BTCUSDT"
"355",2020-07-21 17:00:00,9390,9544,9261,9518.16,48815.004107,2020-07-22 16:59:59,457776105.615571,663029,23362.19379,219166005.907882,"BTCUSDT"
"356",2020-07-22 17:00:00,9518.16,9664,9440.33,9603.27,51856.2335,2020-07-23 16:59:59,494282948.733682,735371,24461.265468,233235064.194481,"BTCUSDT"
"357",2020-07-23 17:00:00,9603.27,9637,9463.44,9537.8,43931.136205,2020-07-24 16:59:59,419240263.521828,677725,20416.299973,194861143.585529,"BTCUSDT"
"358",2020-07-24 17:00:00,9538.1,9732.9,9513,9700.42,40679.545416,2020-07-25 16:59:59,391431695.716822,675222,19626.608893,188907762.752146,"BTCUSDT"
"359",2020-07-25 17:00:00,9700.42,10111,9650,9931.54,65279.269319,2020-07-26 16:59:59,644607634.481777,945611,33748.331807,333445554.975645,"BTCUSDT"
"360",2020-07-26 17:00:00,9931.54,11394.86,9917.21,11029.96,150188.933144,2020-07-27 16:59:59,1580355372.09918,1901088,76650.610051,806266386.38879,"BTCUSDT"
"361",2020-07-27 17:00:00,11029.96,11242.23,10565,10906.27,97267.734187,2020-07-28 16:59:59,1065375500.18919,1475636,46575.430534,510271018.989564,"BTCUSDT"
"362",2020-07-28 17:00:00,10906.27,11342.82,10812,11100.53,76838.094233,2020-07-29 16:59:59,853242253.615824,1127302,36218.477065,402507227.088824,"BTCUSDT"
"363",2020-07-29 17:00:00,11100.52,11170,10831,11099.61,60794.826456,2020-07-30 16:59:59,669779541.887283,879960,28272.698765,311567992.003525,"BTCUSDT"
"364",2020-07-30 17:00:00,11099.79,11444,10960,11335.46,70063.660974,2020-07-31 16:59:59,786344325.855231,971584,34068.143365,382632611.441355,"BTCUSDT"
"365",2020-07-31 17:00:00,11335.46,11861,11220,11801.17,85087.485126,2020-08-01 16:59:59,987817017.318633,1174252,40523.733524,470714480.011135,"BTCUSDT"
"366",2020-08-01 17:00:00,11801.17,12123.46,10518.5,11071.35,97553.077604,2020-08-02 16:59:59,1105757335.52816,1459900,45974.786415,521934340.831766,"BTCUSDT"
"367",2020-08-02 17:00:00,11071.36,11473,10936,11219.81,56931.841475,2020-08-03 16:59:59,641127593.261452,919185,27133.035136,305554713.937307,"BTCUSDT"
"368",2020-08-03 17:00:00,11219.68,11414.98,11000,11191.97,58629.113709,2020-08-04 16:59:59,658084242.679722,863692,27861.615661,312734273.793019,"BTCUSDT"
"369",2020-08-04 17:00:00,11191.99,11780.93,11093,11744.91,74970.256852,2020-08-05 16:59:59,861433645.42444,964637,36130.384551,415113460.07729,"BTCUSDT"
"370",2020-08-05 17:00:00,11744.91,11900,11562.5,11762.46,63529.08502,2020-08-06 16:59:59,746479211.715595,919918,30044.203297,353083043.842036,"BTCUSDT"
"371",2020-08-06 17:00:00,11762.47,11909.94,11322,11594.23,65755.926022,2020-08-07 16:59:59,767005529.282121,940045,29993.01871,349862123.749107,"BTCUSDT"
"372",2020-08-07 17:00:00,11594.36,11808.27,11512,11761.41,41858.16104,2020-08-08 16:59:59,489087264.360281,779318,20448.352618,238996465.927704,"BTCUSDT"
"373",2020-08-08 17:00:00,11761.02,11797.11,11521.97,11681.68,41493.067342,2020-08-09 16:59:59,483708602.89638,853386,19031.223314,221877538.807269,"BTCUSDT"
"374",2020-08-09 17:00:00,11681.69,12067.35,11450,11892.92,84952.337887,2020-08-10 16:59:59,1009169063.38321,1340835,42058.722455,499909664.321692,"BTCUSDT"
"375",2020-08-10 17:00:00,11892.9,11935,11125,11392.08,90748.284634,2020-08-11 16:59:59,1049615697.13794,1343979,41221.961009,476990926.577056,"BTCUSDT"
"376",2020-08-11 17:00:00,11392.09,11617.52,11150,11564.33,64909.613644,2020-08-12 16:59:59,743303608.099983,1104096,30943.672114,354308405.991914,"BTCUSDT"
"377",2020-08-12 17:00:00,11564.34,11792.96,11270.36,11780,70132.491502,2020-08-13 16:59:59,809611114.213248,1243382,34841.790602,402381474.75043,"BTCUSDT"
"378",2020-08-13 17:00:00,11779.77,11850,11634.03,11760.54,59818.852697,2020-08-14 16:59:59,702273220.696416,1011746,28464.669553,334192256.651103,"BTCUSDT"
"379",2020-08-14 17:00:00,11760.55,11980,11680,11852.4,56237.90505,2020-08-15 16:59:59,667446824.06413,1018956,27303.966321,324138943.417759,"BTCUSDT"
"380",2020-08-15 17:00:00,11852.4,11931.72,11686,11911,41368.236906,2020-08-16 16:59:59,489731524.636944,790240,19342.045312,229032803.394454,"BTCUSDT"
"381",2020-08-16 17:00:00,11910.99,12468,11769.78,12281.13,84734.21154,2020-08-17 16:59:59,1026883452.89477,1210228,42291.086199,512410754.090376,"BTCUSDT"
"382",2020-08-17 17:00:00,12281.15,12387.77,11817.93,11945.01,75923.835527,2020-08-18 16:59:59,920402307.176811,1189390,35954.349975,436020475.318347,"BTCUSDT"
"383",2020-08-18 17:00:00,11945.1,12020.08,11561,11754.59,73940.169606,2020-08-19 16:59:59,870612801.529569,1258060,34861.135969,410547222.259781,"BTCUSDT"
"384",2020-08-19 17:00:00,11754.38,11888,11668,11853.55,46085.254351,2020-08-20 16:59:59,543576025.048511,798027,21992.907541,259381062.464629,"BTCUSDT"
"385",2020-08-20 17:00:00,11853.54,11878,11485.81,11531.34,64448.306142,2020-08-21 16:59:59,755451999.654091,1189668,30531.732866,357993659.718524,"BTCUSDT"
"386",2020-08-21 17:00:00,11531.23,11686,11376.81,11662.96,43678.701646,2020-08-22 16:59:59,504305451.410864,809328,21605.070922,249466430.909991,"BTCUSDT"
"387",2020-08-22 17:00:00,11663.51,11718.07,11514.13,11648.13,37900.00469,2020-08-23 16:59:59,440406018.651879,627352,18514.627525,215154211.012046,"BTCUSDT"
"388",2020-08-23 17:00:00,11648.12,11824.9,11585.09,11748.2,46212.391867,2020-08-24 16:59:59,542298951.538298,656584,22780.419488,267322530.432326,"BTCUSDT"
"389",2020-08-24 17:00:00,11748.19,11767.85,11117.64,11318.42,69590.923272,2020-08-25 16:59:59,797034671.64528,996668,33126.45198,379562265.559026,"BTCUSDT"
"390",2020-08-25 17:00:00,11318.42,11539.32,11244,11461.43,53998.231231,2020-08-26 16:59:59,615452789.967337,862654,25622.53674,291999409.361741,"BTCUSDT"
"391",2020-08-26 17:00:00,11461.42,11592.2,11125,11330.38,63246.036383,2020-08-27 16:59:59,717474981.664013,959270,30793.180668,349359723.857759,"BTCUSDT"
"392",2020-08-27 17:00:00,11330.38,11542.65,11276.89,11526.91,45953.908365,2020-08-28 16:59:59,525606229.654251,719985,21714.202859,248344753.128081,"BTCUSDT"
"393",2020-08-28 17:00:00,11526.9,11580.02,11417.04,11465.84,32973.7992,2020-08-29 16:59:59,379228275.270722,611834,15709.309985,180675288.37511,"BTCUSDT"
"394",2020-08-29 17:00:00,11465.84,11719,11458,11711.16,43177.879054,2020-08-30 16:59:59,501375342.935039,756541,22258.115902,258461346.455463,"BTCUSDT"
"395",2020-08-30 17:00:00,11711.17,11800.77,11570,11649.51,55353.617744,2020-08-31 16:59:59,646723855.571454,822062,26579.940284,310534861.616395,"BTCUSDT"
"396",2020-08-31 17:00:00,11649.51,12050.85,11515,11921.97,78148.193668,2020-09-01 16:59:59,928047313.488967,1321492,37476.019382,444996773.668322,"BTCUSDT"
"397",2020-09-01 17:00:00,11921.97,11954.57,11160.1,11388.54,87221.845602,2020-09-02 16:59:59,1005391012.13388,1373524,39972.309887,460939443.224815,"BTCUSDT"
"398",2020-09-02 17:00:00,11388.54,11462.6,9960.8,10140.85,121950.106015,2020-09-03 16:59:59,1325106403.31587,1611610,54266.83286,590230451.112308,"BTCUSDT"
"399",2020-09-03 17:00:00,10138.29,10627.05,9875.5,10446.25,92733.599113,2020-09-04 16:59:59,959925718.351275,1434860,42707.834666,442163704.19722,"BTCUSDT"
"400",2020-09-04 17:00:00,10446.25,10565.68,9825,10166.69,90001.605568,2020-09-05 16:59:59,917578408.876118,1476782,43478.132323,443342852.187075,"BTCUSDT"
"401",2020-09-05 17:00:00,10166.69,10347.14,9994.86,10256.2,56368.788815,2020-09-06 16:59:59,574903000.235175,1053192,28033.438827,285904912.750963,"BTCUSDT"
"402",2020-09-06 17:00:00,10255.89,10410.75,9875,10373.44,62620.230676,2020-09-07 16:59:59,634278537.815109,927363,30576.700673,309796338.545251,"BTCUSDT"
"403",2020-09-07 17:00:00,10373.45,10438,9850,10126.65,73491.878418,2020-09-08 16:59:59,742947901.971239,1048125,34410.81447,348048428.883726,"BTCUSDT"
"404",2020-09-08 17:00:00,10126.66,10343,9981.01,10219.2,49347.113776,2020-09-09 16:59:59,503082625.214791,755560,23815.412427,242759702.915003,"BTCUSDT"
"405",2020-09-09 17:00:00,10219.29,10483.35,10070.83,10336.87,58253.75375,2020-09-10 16:59:59,602390078.492281,851877,27690.112498,286362452.839316,"BTCUSDT"
"406",2020-09-10 17:00:00,10336.86,10397.6,10200,10387.89,43830.254467,2020-09-11 16:59:59,451241002.660336,637869,21231.610727,218592078.028909,"BTCUSDT"
"407",2020-09-11 17:00:00,10387.89,10477.97,10269.25,10440.92,35379.153096,2020-09-12 16:59:59,366912671.443727,577724,17560.768885,182148657.456906,"BTCUSDT"
"408",2020-09-12 17:00:00,10440.67,10580.11,10200,10332.83,43837.609865,2020-09-13 16:59:59,455338605.329149,692439,20785.517328,215965189.316128,"BTCUSDT"
"409",2020-09-13 17:00:00,10332.84,10750,10212.34,10671.77,67059.291361,2020-09-14 16:59:59,706175591.386613,828957,31880.363157,335719021.038904,"BTCUSDT"
"410",2020-09-14 17:00:00,10671.77,10930.04,10606.48,10785.31,61822.452786,2020-09-15 16:59:59,666457161.149138,893852,29744.087277,320640236.405876,"BTCUSDT"
"411",2020-09-15 17:00:00,10785.23,11093,10661.22,10954.01,64991.51244,2020-09-16 16:59:59,708644989.48307,884153,31740.511691,346117690.573092,"BTCUSDT"
"412",2020-09-16 17:00:00,10954.01,11045.46,10745.83,10939.99,55601.614529,2020-09-17 16:59:59,605010288.779925,829137,27029.927035,294147097.61187,"BTCUSDT"
"413",2020-09-17 17:00:00,10940,11038.03,10812.84,10933.39,47266.728275,2020-09-18 16:59:59,516147935.669228,717371,23044.919886,251654627.236745,"BTCUSDT"
"414",2020-09-18 17:00:00,10933.4,11179.79,10887.37,11080.65,38440.036858,2020-09-19 16:59:59,423651901.15773,620127,19923.059267,219623766.312978,"BTCUSDT"
"415",2020-09-19 17:00:00,11080.64,11080.64,10723,10920.28,39157.922565,2020-09-20 16:59:59,426815210.755512,646329,19437.694363,211845335.515648,"BTCUSDT"
"416",2020-09-20 17:00:00,10920.28,10988.86,10296.35,10417.22,70683.431179,2020-09-21 16:59:59,751020795.235884,1028531,33628.930589,357346575.169018,"BTCUSDT"
"417",2020-09-21 17:00:00,10417.22,10572.71,10353,10529.61,43991.235476,2020-09-22 16:59:59,460362500.728408,738576,21497.461589,224981251.328681,"BTCUSDT"
"418",2020-09-22 17:00:00,10529.61,10537.15,10136.82,10241.46,51876.568079,2020-09-23 16:59:59,539362015.157462,774391,25012.706819,260045385.65157,"BTCUSDT"
"419",2020-09-23 17:00:00,10241.46,10795.24,10190.93,10736.32,57676.619427,2020-09-24 16:59:59,604520870.055638,789282,27946.804325,292936072.987046,"BTCUSDT"
"420",2020-09-24 17:00:00,10736.33,10760.53,10556.24,10686.67,48101.117008,2020-09-25 16:59:59,512647249.14932,733430,23566.330337,251168863.927117,"BTCUSDT"
"421",2020-09-25 17:00:00,10686.57,10820.94,10644.68,10728.6,28420.836659,2020-09-26 16:59:59,304511477.680855,502670,14314.531345,153391173.497994,"BTCUSDT"
"422",2020-09-26 17:00:00,10728.59,10799,10594.82,10774.25,30549.483253,2020-09-27 16:59:59,327169249.454996,516004,15101.03977,161737536.908972,"BTCUSDT"
"423",2020-09-27 17:00:00,10774.26,10950,10626,10696.12,50095.251734,2020-09-28 16:59:59,544463219.597809,686664,25219.073315,274111924.661325,"BTCUSDT"
"424",2020-09-28 17:00:00,10696.11,10867.54,10635.87,10840.48,41874.898399,2020-09-29 16:59:59,449345822.460229,587576,19896.076209,213544159.856594,"BTCUSDT"
"425",2020-09-29 17:00:00,10840.58,10849.34,10665.13,10776.59,39596.027322,2020-09-30 16:59:59,425279696.285263,595383,18712.059711,200976719.440851,"BTCUSDT"
"426",2020-09-30 17:00:00,10776.59,10920,10437,10619.13,60866.332893,2020-10-01 16:59:59,652168989.461735,794855,28449.975103,304779535.381975,"BTCUSDT"
"427",2020-10-01 17:00:00,10619.13,10664.64,10374,10570.4,50130.393705,2020-10-02 16:59:59,526864379.309365,777193,24123.902545,253507685.503587,"BTCUSDT"
"428",2020-10-02 17:00:00,10570.4,10603.56,10496.46,10542.06,22298.221341,2020-10-03 16:59:59,235160884.608536,381329,10752.462882,113392722.762172,"BTCUSDT"
"429",2020-10-03 17:00:00,10542.07,10696.87,10517.87,10666.63,23212.001595,2020-10-04 16:59:59,246252050.906811,377553,12123.27565,128619845.131521,"BTCUSDT"
"430",2020-10-04 17:00:00,10666.62,10798,10615.64,10792.21,34025.761653,2020-10-05 16:59:59,364158510.237981,483340,15551.584387,166457546.868462,"BTCUSDT"
"431",2020-10-05 17:00:00,10792.2,10800,10525,10599.66,48674.740471,2020-10-06 16:59:59,520051256.082199,734526,23189.6899,247740447.636706,"BTCUSDT"
"432",2020-10-06 17:00:00,10599.65,10681.87,10546.17,10666.39,32811.990279,2020-10-07 16:59:59,348298562.856863,503440,15783.355684,167548410.829335,"BTCUSDT"
"433",2020-10-07 17:00:00,10666.4,10950,10530.41,10925.57,51959.691572,2020-10-08 16:59:59,559311760.44148,659291,26482.599529,285240420.957764,"BTCUSDT"
"434",2020-10-08 17:00:00,10925.44,11104.64,10829,11050.64,48240.073237,2020-10-09 16:59:59,530822321.516235,635681,25658.631396,282409996.009311,"BTCUSDT"
"435",2020-10-09 17:00:00,11050.64,11491,11050.51,11293.22,43648.036943,2020-10-10 16:59:59,494785212.230874,698561,22807.204651,258432465.79041,"BTCUSDT"
"436",2020-10-10 17:00:00,11293.22,11445,11221,11369.02,29043.851339,2020-10-11 16:59:59,329927755.038085,509714,14470.444269,164384653.134113,"BTCUSDT"
"437",2020-10-11 17:00:00,11369.02,11720.01,11172,11528.25,52825.28371,2020-10-12 16:59:59,604779845.792018,740823,26865.929321,307665447.339234,"BTCUSDT"
"438",2020-10-12 17:00:00,11528.24,11557,11300,11420.56,42205.283709,2020-10-13 16:59:59,482663390.724036,618262,19346.158605,221257357.565275,"BTCUSDT"
"439",2020-10-13 17:00:00,11420.57,11547.98,11280,11417.89,41415.106015,2020-10-14 16:59:59,472007015.720934,590025,19070.057307,217375960.310947,"BTCUSDT"
"440",2020-10-14 17:00:00,11417.89,11617.34,11250.83,11505.12,48760.717679,2020-10-15 16:59:59,556436445.557628,662386,24019.237669,274171016.906681,"BTCUSDT"
"441",2020-10-15 17:00:00,11505.13,11541.15,11200,11319.32,48797.749502,2020-10-16 16:59:59,553211001.612257,693210,22821.593484,258752919.332241,"BTCUSDT"
"442",2020-10-16 17:00:00,11319.24,11402.42,11255,11360.2,22368.915241,2020-10-17 16:59:59,253582775.962654,365973,10318.024614,116996094.144627,"BTCUSDT"
"443",2020-10-17 17:00:00,11360.31,11505,11346.22,11503.14,23284.041191,2020-10-18 16:59:59,266150824.348099,346946,12396.127099,141743879.128419,"BTCUSDT"
"444",2020-10-18 17:00:00,11503.14,11823.99,11407.96,11751.47,47414.534692,2020-10-19 16:59:59,550728683.799279,650960,24716.395136,287236347.549061,"BTCUSDT"
"445",2020-10-19 17:00:00,11751.46,12038.38,11677.59,11909.99,62134.750663,2020-10-20 16:59:59,737425592.081972,906111,31911.708832,378905888.960063,"BTCUSDT"
"446",2020-10-20 17:00:00,11910,13217.68,11886.95,12780.96,114584.456767,2020-10-21 16:59:59,1437122186.634,1453620,59033.671756,740274649.280796,"BTCUSDT"
"447",2020-10-21 17:00:00,12780.75,13185,12678.08,12968.52,70038.824144,2020-10-22 16:59:59,905778888.870291,1035811,33259.495044,430203750.018925,"BTCUSDT"
"448",2020-10-22 17:00:00,12968.84,13027.69,12720.08,12923.07,50386.999841,2020-10-23 16:59:59,650680239.110147,699313,24685.925495,318827712.198201,"BTCUSDT"
"449",2020-10-23 17:00:00,12923.06,13166.73,12870,13111.73,35952.20907,2020-10-24 16:59:59,468299521.769665,536821,18382.744579,239455378.091257,"BTCUSDT"
"450",2020-10-24 17:00:00,13111.73,13350,12888,13028.83,38481.579504,2020-10-25 16:59:59,502672049.229052,610498,17988.7671,235115943.827132,"BTCUSDT"
"451",2020-10-25 17:00:00,13029.64,13238.81,12765,13052.19,60951.672986,2020-10-26 16:59:59,794395722.453346,818144,29609.994698,385986654.657882,"BTCUSDT"
"452",2020-10-26 17:00:00,13052.15,13789.29,13019.87,13636.17,80796.553996,2020-10-27 16:59:59,1085214437.75111,1003550,39833.626586,534892605.745265,"BTCUSDT"
"453",2020-10-27 17:00:00,13636.16,13859.48,12888,13266.4,94440.561226,2020-10-28 16:59:59,1263487952.99516,1234511,43387.692275,580505216.872609,"BTCUSDT"
"454",2020-10-28 17:00:00,13266.4,13642.91,12920.77,13455.7,74872.602132,2020-10-29 16:59:59,997867948.860974,1008433,37203.245658,495772429.354768,"BTCUSDT"
"455",2020-10-29 17:00:00,13455.69,13669.98,13115,13560.1,70657.778881,2020-10-30 16:59:59,946818817.557509,1060387,34438.58889,461667557.393571,"BTCUSDT"
"456",2020-10-30 17:00:00,13560.1,14100,13411.5,13791,67339.238515,2020-10-31 16:59:59,927048458.542362,1022202,35823.22565,493309455.838981,"BTCUSDT"
"457",2020-10-31 17:00:00,13791,13895,13603,13761.5,36285.648526,2020-11-01 16:59:59,499124369.075326,606248,17839.54476,245432626.615318,"BTCUSDT"
"458",2020-11-01 17:00:00,13761.49,13830,13195.05,13549.37,64566.421908,2020-11-02 16:59:59,873629993.831393,869850,29243.233664,395698601.616941,"BTCUSDT"
"459",2020-11-02 17:00:00,13549.63,14066.11,13284.99,14023.53,74115.630787,2020-11-03 16:59:59,1009402087.71046,1052569,38332.71333,522431362.887883,"BTCUSDT"
"460",2020-11-03 17:00:00,14023.53,14259,13525,14144.01,93016.988262,2020-11-04 16:59:59,1293872665.41796,1212959,45333.661596,630831907.073293,"BTCUSDT"
"461",2020-11-04 17:00:00,14144.01,15750,14093.56,15590.02,143741.522673,2020-11-05 16:59:59,2131865609.29089,1736055,72196.127118,1071067716.59487,"BTCUSDT"
"462",2020-11-05 17:00:00,15590.02,15960,15166,15579.92,122618.197695,2020-11-06 16:59:59,1909660728.82292,1654968,58528.760533,911733812.279296,"BTCUSDT"
"463",2020-11-06 17:00:00,15579.93,15753.52,14344.22,14818.3,101431.206553,2020-11-07 16:59:59,1536510177.09147,1557021,46204.870621,700220031.300347,"BTCUSDT"
"464",2020-11-07 17:00:00,14818.3,15650,14703.88,15475.1,65547.178574,2020-11-08 16:59:59,998031373.83978,998773,31175.660892,474978556.389379,"BTCUSDT"
"465",2020-11-08 17:00:00,15475.1,15840,14805.54,15328.41,108976.334134,2020-11-09 16:59:59,1670447935.51418,1505441,51350.446641,787324390.767098,"BTCUSDT"
"466",2020-11-09 17:00:00,15328.41,15460,15072.46,15297.21,61681.919606,2020-11-10 16:59:59,943615126.089151,1093466,28945.766567,442891690.0126,"BTCUSDT"
"467",2020-11-10 17:00:00,15297.21,15965,15272.68,15684.24,78469.746458,2020-11-11 16:59:59,1226425496.36186,1247167,40030.002173,625865373.378341,"BTCUSDT"
"468",2020-11-11 17:00:00,15684.25,16340.7,15440.64,16291.86,102196.356592,2020-11-12 16:59:59,1628755508.6742,1472049,50444.978874,804204066.438628,"BTCUSDT"
"469",2020-11-12 17:00:00,16291.85,16480,15952.35,16320.7,75691.881014,2020-11-13 16:59:59,1230358611.12489,1208773,35301.73094,574048021.736524,"BTCUSDT"
"470",2020-11-13 17:00:00,16320.04,16326.99,15670,16070.45,59116.347179,2020-11-14 16:59:59,944765868.609419,931424,27724.767801,443001467.223379,"BTCUSDT"
"471",2020-11-14 17:00:00,16069.56,16180,15774.72,15957,43596.841513,2020-11-15 16:59:59,696651729.745253,854441,20853.270846,333239080.641814,"BTCUSDT"
"472",2020-11-15 17:00:00,15957,16880,15864,16713.57,81300.675924,2020-11-16 16:59:59,1335728013.90576,1202386,41370.213659,679593360.649574,"BTCUSDT"
"473",2020-11-16 17:00:00,16713.08,17858.82,16538,17659.38,115221.403102,2020-11-17 16:59:59,1982752071.45051,1646652,58262.062597,1003081009.61604,"BTCUSDT"
"474",2020-11-17 17:00:00,17659.38,18476.93,17214.45,17776.12,149019.788134,2020-11-18 16:59:59,2663337935.5003,2091832,73412.736278,1312369471.65248,"BTCUSDT"
"475",2020-11-18 17:00:00,17777.75,18179.8,17335.65,17802.82,93009.561008,2020-11-19 16:59:59,1656794228.85376,1513304,45376.577851,808306886.974191,"BTCUSDT"
"476",2020-11-19 17:00:00,17802.81,18815.22,17740.04,18655.67,88423.018489,2020-11-20 16:59:59,1623135138.59107,1444692,43549.51207,799574963.805872,"BTCUSDT"
"477",2020-11-20 17:00:00,18655.66,18965.9,18308.58,18703.8,75577.458394,2020-11-21 16:59:59,1413641591.28417,1451352,36788.094693,688352207.113153,"BTCUSDT"
"478",2020-11-21 17:00:00,18703.8,18750,17610.86,18414.43,81645.737778,2020-11-22 16:59:59,1497662550.05404,1528524,39164.42638,718709271.137177,"BTCUSDT"
"479",2020-11-22 17:00:00,18413.88,18766,18000,18368,82961.506093,2020-11-23 16:59:59,1529064319.66944,1629379,39611.360617,730350629.717051,"BTCUSDT"
"480",2020-11-23 17:00:00,18368.01,19418.97,18018,19160.01,113581.509241,2020-11-24 16:59:59,2145301450.45794,2179862,58179.200882,1098976481.12571,"BTCUSDT"
"481",2020-11-24 17:00:00,19160,19484.21,18500.27,18719.11,93266.576887,2020-11-25 16:59:59,1774870796.28823,1785408,44575.076758,848724583.330053,"BTCUSDT"
"482",2020-11-25 17:00:00,18718.83,18915.03,16188,17149.47,181005.246693,2020-11-26 16:59:59,3127314143.10457,2770483,84478.809131,1459155975.95315,"BTCUSDT"
"483",2020-11-26 17:00:00,17149.47,17457.62,16438.08,17139.52,85297.024787,2020-11-27 16:59:59,1446670351.43509,1572299,42507.358433,720985570.340738,"BTCUSDT"
"484",2020-11-27 17:00:00,17139.53,17880.49,16865.56,17719.85,64910.69997,2020-11-28 16:59:59,1128061605.10723,1209385,31785.706898,552044705.36061,"BTCUSDT"
"485",2020-11-28 17:00:00,17719.84,18360.05,17517,18184.99,55329.016303,2020-11-29 16:59:59,996743798.864922,1141289,27883.985296,502287686.119384,"BTCUSDT"
"486",2020-11-29 17:00:00,18185,19863.16,18184.99,19695.87,115463.466888,2020-11-30 16:59:59,2205929119.50534,1744149,61033.414903,1166943549.18424,"BTCUSDT"
"487",2020-11-30 17:00:00,19695.87,19888,18001.12,18764.96,127698.762652,2020-12-01 16:59:59,2446070334.8288,2023802,63805.392898,1223282816.31922,"BTCUSDT"
"488",2020-12-01 17:00:00,18764.96,19342,18330,19204.09,75911.013478,2020-12-02 16:59:59,1436895344.82595,1566635,36421.690398,689901298.570069,"BTCUSDT"
"489",2020-12-02 17:00:00,19204.08,19598,18867.2,19421.9,66689.391279,2020-12-03 16:59:59,1286548310.82671,1242229,33868.341698,653783366.904595,"BTCUSDT"
"490",2020-12-03 17:00:00,19422.34,19527,18565.31,18650.52,71283.6682,2020-12-04 16:59:59,1358079975.0255,1286657,32363.453715,616745259.314511,"BTCUSDT"
"491",2020-12-04 17:00:00,18650.51,19177,18500,19147.66,42922.748573,2020-12-05 16:59:59,813445434.130814,932124,21360.260281,405002656.069971,"BTCUSDT"
"492",2020-12-05 17:00:00,19147.66,19420,18857,19359.4,37043.091861,2020-12-06 16:59:59,709558933.582906,820382,19009.407663,364303500.957098,"BTCUSDT"
"493",2020-12-06 17:00:00,19358.67,19420.91,18902.88,19166.9,41372.296293,2020-12-07 16:59:59,793517668.683946,840954,18881.806014,362249650.053416,"BTCUSDT"
"494",2020-12-07 17:00:00,19166.9,19294.84,18200,18324.11,61626.947614,2020-12-08 16:59:59,1160658077.40466,1143181,27811.37851,524064471.550384,"BTCUSDT"
"495",2020-12-08 17:00:00,18324.11,18639.57,17650,18541.28,79585.553801,2020-12-09 16:59:59,1450130664.06458,1302476,36809.009287,671042442.474531,"BTCUSDT"
"496",2020-12-09 17:00:00,18541.29,18557.32,17911.12,18254.63,52890.675094,2020-12-10 16:59:59,966149529.000607,891151,25604.608069,467840780.526747,"BTCUSDT"
"497",2020-12-10 17:00:00,18254.81,18292.73,17572.33,18036.53,72610.724259,2020-12-11 16:59:59,1301081647.3079,1117810,34194.988471,612882050.916727,"BTCUSDT"
"498",2020-12-11 17:00:00,18036.53,18948.66,18020.7,18808.69,49519.978432,2020-12-12 16:59:59,915552835.906183,891810,26056.332648,481756117.716001,"BTCUSDT"
"499",2020-12-12 17:00:00,18808.69,19411,18711.12,19174.99,56560.821744,2020-12-13 16:59:59,1083520569.09485,938022,29593.4651,566907850.623312,"BTCUSDT"
"500",2020-12-13 17:00:00,19174.99,19174.99,19000,19097.53,2287.068873,2020-12-14 16:59:59,43630559.7874891,44737,922.608984,17594789.9322714,"BTCUSDT"
