"","Date","CHN_NewCases","CHN_Newdeaths","CHN_AcuCases","CHN_AcuDeaths","JAP_NewCases","JAP_Newdeaths","JAP_AcuCases","JAP_AcuDeaths","EU_NewCases","EU_Newdeaths","EU_AcuCases","EU_AcuDeaths","USA_NewCases","USA_Newdeaths","USA_AcuCases","USA_AcuDeaths","BTCUSDT"
"1",2019-12-31,27,0,27,0,0,0,0,0,0,0,0,0,0,0,0,0,7200.85
"2",2020-01-01,0,0,27,0,0,0,0,0,0,0,0,0,0,0,0,0,6965.71
"3",2020-01-02,0,0,27,0,0,0,0,0,0,0,0,0,0,0,0,0,7344.96
"4",2020-01-03,17,0,44,0,0,0,0,0,0,0,0,0,0,0,0,0,7354.11
"5",2020-01-04,0,0,44,0,0,0,0,0,0,0,0,0,0,0,0,0,7358.75
"6",2020-01-05,15,0,59,0,0,0,0,0,0,0,0,0,0,0,0,0,7758
"7",2020-01-06,0,0,59,0,0,0,0,0,0,0,0,0,0,0,0,0,8145.28
"8",2020-01-07,0,0,59,0,0,0,0,0,0,0,0,0,0,0,0,0,8055.98
"9",2020-01-08,0,0,59,0,0,0,0,0,0,0,0,0,0,0,0,0,7817.76
"10",2020-01-09,0,0,59,0,0,0,0,0,0,0,0,0,0,0,0,0,8197.02
"11",2020-01-10,0,0,59,0,0,0,0,0,0,0,0,0,0,0,0,0,8020.01
"12",2020-01-11,0,1,59,1,0,0,0,0,0,0,0,0,0,0,0,0,8184.98
"13",2020-01-12,0,0,59,1,0,0,0,0,0,0,0,0,0,0,0,0,8110.34
"14",2020-01-13,0,0,59,1,0,0,0,0,0,0,0,0,0,0,0,0,8810.01
"15",2020-01-14,0,0,59,1,0,0,0,0,0,0,0,0,0,0,0,0,8821.41
"16",2020-01-15,0,1,59,2,1,0,1,0,0,0,0,0,0,0,0,0,8720.01
"17",2020-01-16,0,0,59,2,0,0,1,0,0,0,0,0,0,0,0,0,8913.28
"18",2020-01-17,4,0,63,2,0,0,1,0,0,0,0,0,0,0,0,0,8915.96
"19",2020-01-18,17,0,80,2,0,0,1,0,0,0,0,0,0,0,0,0,8701.7
"20",2020-01-19,136,1,216,3,0,0,1,0,0,0,0,0,0,0,0,0,8642.35
"21",2020-01-20,19,0,235,3,0,0,1,0,0,0,0,0,0,0,0,0,8736.03
"22",2020-01-21,151,3,386,6,0,0,1,0,0,0,0,0,1,0,1,0,8682.36
"23",2020-01-22,140,11,526,17,0,0,1,0,0,0,0,0,0,0,1,0,8404.52
"24",2020-01-23,97,0,623,17,0,0,1,0,0,0,0,0,0,0,1,0,8439
"25",2020-01-24,259,9,882,26,1,0,2,0,0,0,0,0,0,0,1,0,8340.58
"26",2020-01-25,441,15,1323,41,0,0,2,0,3,0,3,0,1,0,2,0,8615
"27",2020-01-26,665,15,1988,56,1,0,3,0,0,0,3,0,0,0,2,0,8907.57
"28",2020-01-27,787,25,2775,81,0,0,3,0,0,0,3,0,3,0,5,0,9374.21
"29",2020-01-28,1753,25,4528,106,1,0,4,0,1,0,4,0,0,0,5,0,9301.53
"30",2020-01-29,1466,26,5994,132,3,0,7,0,4,0,8,0,0,0,5,0,9513.21
"31",2020-01-30,1740,38,7734,170,4,0,11,0,2,0,10,0,0,0,5,0,9352.89
"32",2020-01-31,1980,43,9714,213,3,0,14,0,5,0,15,0,1,0,6,0,9384.61
"33",2020-02-01,2095,46,11809,259,1,0,15,0,7,0,22,0,1,0,7,0,9331.51
"34",2020-02-02,2590,45,14399,304,4,0,19,0,1,0,23,0,1,0,8,0,9292.24
"35",2020-02-03,2812,57,17211,361,1,0,20,0,1,0,24,0,3,0,11,0,9197.02
"36",2020-02-04,3237,65,20448,426,0,0,20,0,3,0,27,0,0,0,11,0,9612.04
"37",2020-02-05,3872,66,24320,492,5,0,25,0,2,0,29,0,0,0,11,0,9772
"38",2020-02-06,3727,72,28047,564,0,0,25,0,0,0,29,0,1,0,12,0,9813.73
"39",2020-02-07,3160,73,31207,637,0,0,25,0,2,0,31,0,0,0,12,0,9895.05
"40",2020-02-08,3418,86,34625,723,0,0,25,0,6,0,37,0,0,0,12,0,10151.75
"41",2020-02-09,2607,89,37232,812,0,0,25,0,0,0,37,0,0,0,12,0,9851.83
"42",2020-02-10,2974,97,40206,909,0,0,25,0,5,0,42,0,0,0,12,0,10223.08
"43",2020-02-11,2490,108,42696,1017,0,0,25,0,1,0,43,0,1,0,13,0,10326.46
"44",2020-02-12,2028,97,44724,1114,0,0,25,0,2,0,45,0,0,0,13,0,10229.63
"45",2020-02-13,15141,254,59865,1368,4,1,29,1,1,0,46,0,1,0,14,0,10344.36
"46",2020-02-14,4156,13,64021,1381,1,0,30,1,0,0,46,0,1,0,15,0,9904.72
"47",2020-02-15,2538,143,66559,1524,8,0,38,1,0,1,46,1,0,0,15,0,9917.27
"48",2020-02-16,2007,142,68566,1666,14,0,52,1,0,0,46,1,0,0,15,0,9706
"49",2020-02-17,2052,105,70618,1771,7,0,59,1,1,0,47,1,0,0,15,0,10164.71
"50",2020-02-18,1890,98,72508,1869,0,0,59,1,0,0,47,1,0,0,15,0,9593.79
"51",2020-02-19,1750,139,74258,2008,7,0,66,1,0,0,47,1,0,0,15,0,9596.42
"52",2020-02-20,394,112,74652,2120,18,0,84,1,0,0,47,1,0,0,15,0,9677.05
"53",2020-02-21,891,118,75543,2238,9,0,93,1,0,0,47,1,1,0,16,0,9650.86
"54",2020-02-22,826,109,76369,2347,12,0,105,1,14,0,61,1,19,0,35,0,9936.4
"55",2020-02-23,647,98,77016,2445,27,0,132,1,63,2,124,3,0,0,35,0,9656.13
"56",2020-02-24,218,150,77234,2595,12,0,144,1,53,0,177,3,0,0,35,0,9315.84
"57",2020-02-25,515,70,77749,2665,0,0,144,1,98,4,275,7,18,0,53,0,8785.25
"58",2020-02-26,410,52,78159,2717,20,0,164,1,109,5,384,12,0,0,53,0,8823.21
"59",2020-02-27,439,29,78598,2746,22,2,186,3,107,2,491,14,6,0,59,0,8692.91
"60",2020-02-28,329,44,78927,2790,24,0,210,3,341,5,832,19,1,0,60,0,8523.61
"61",2020-02-29,428,47,79355,2837,20,0,230,3,322,4,1154,23,6,0,66,0,8531.88
"62",2020-03-01,574,35,79929,2872,9,2,239,5,429,8,1583,31,3,1,69,1,8915.24
"63",2020-03-02,205,42,80134,2914,15,1,254,6,708,7,2291,38,20,1,89,2,8760.07
"64",2020-03-03,127,32,80261,2946,0,0,254,6,558,18,2849,56,14,4,103,6,8750.87
"65",2020-03-04,119,37,80380,2983,14,0,268,6,760,29,3609,85,22,3,125,9,9054.68
"66",2020-03-05,117,31,80497,3014,49,0,317,6,1037,28,4646,113,34,2,159,11,9131.88
"67",2020-03-06,170,30,80667,3044,32,0,349,6,1597,47,6243,160,74,1,233,12,8886.66
"68",2020-03-07,101,28,80768,3072,59,0,408,6,2015,55,8258,215,105,2,338,14,8033.31
"69",2020-03-08,46,27,80814,3099,47,0,455,6,2242,38,10500,253,95,3,433,17,7929.87
"70",2020-03-09,45,23,80859,3122,33,1,488,7,2807,145,13307,398,121,4,554,21,7894.56
"71",2020-03-10,20,17,80879,3139,26,2,514,9,3651,137,16958,535,200,5,754,26,7934.52
"72",2020-03-11,29,22,80908,3161,54,3,568,12,3424,183,20382,718,271,2,1025,28,4800
"73",2020-03-12,24,11,80932,3172,51,3,619,15,5886,254,26268,972,287,2,1312,30,5578.6
"74",2020-03-13,22,7,80954,3179,56,4,675,19,7543,249,33811,1221,351,10,1663,40,5172.06
"75",2020-03-14,19,15,80973,3194,62,2,737,21,7862,317,41673,1538,511,7,2174,47,5361.3
"76",2020-03-15,22,9,80995,3203,43,1,780,22,9305,244,50978,1782,777,10,2951,57,5028.97
"77",2020-03-16,25,13,81020,3216,34,2,814,24,9329,599,60307,2381,823,12,3774,69,5312.64
"78",2020-03-17,43,9,81063,3225,10,4,824,28,10997,438,71304,2819,887,16,4661,85,5393.04
"79",2020-03-18,23,16,81086,3241,5,0,829,28,12770,617,84074,3436,1766,23,6427,108,6162.37
"80",2020-03-19,44,8,81130,3249,44,1,873,29,14435,743,98509,4179,2988,42,9415,150,6208.36
"81",2020-03-20,99,4,81229,3253,77,4,950,33,23002,884,121511,5063,4835,0,14250,150,6186.98
"82",2020-03-21,52,6,81281,3259,57,2,1007,35,22886,1079,144397,6142,5374,110,19624,260,5816.19
"83",2020-03-22,65,6,81346,3265,39,1,1046,36,22779,1442,167176,7584,7123,80,26747,340,6467.31
"84",2020-03-23,138,9,81484,3274,43,5,1089,41,21248,1355,188424,8939,8459,131,35206,471,6744.72
"85",2020-03-24,69,7,81553,3281,39,1,1128,42,28564,1538,216988,10477,11236,119,46442,590,6677.43
"86",2020-03-25,78,4,81631,3285,65,1,1193,43,27406,1905,244394,12382,8789,211,55231,801,6737.36
"87",2020-03-26,102,6,81733,3291,75,2,1268,45,32026,2176,276420,14558,13963,249,69194,1050,6359.11
"88",2020-03-27,94,5,81827,3296,96,1,1364,46,36988,2285,313408,16843,16797,246,85991,1296,6236.65
"89",2020-03-28,119,3,81946,3299,135,3,1499,49,38291,2809,351699,19652,18695,411,104686,1707,5881.42
"90",2020-03-29,113,5,82059,3304,194,3,1693,52,33963,2814,385662,22466,19979,484,124665,2191,6394.38
"91",2020-03-30,98,2,82157,3306,173,2,1866,54,30321,2643,415983,25109,18360,318,143025,2509,6410.44
"92",2020-03-31,84,3,82241,3309,87,2,1953,56,33442,3031,449425,28140,21595,661,164620,3170,6642.92
"93",2020-04-01,54,1,82295,3310,0,0,1953,56,40316,3452,489741,31592,24998,909,189618,4079,6794.09
"94",2020-04-02,100,6,82395,3316,225,1,2178,57,38822,3546,528563,35138,27103,1059,216721,5138,6734.1
"95",2020-04-03,70,10,82465,3326,439,6,2617,63,37312,3734,565875,38872,28819,915,245540,6053,6856.99
"96",2020-04-04,62,4,82527,3330,318,6,2935,69,40688,5363,606563,44235,32425,1104,277965,7157,6772.78
"97",2020-04-05,48,3,82575,3333,336,1,3271,70,36680,4288,643243,48523,34272,1344,312237,8501,7329.9
"98",2020-04-06,67,2,82642,3335,383,3,3654,73,28620,3139,671863,51662,25398,1146,337635,9647,7197.32
"99",2020-04-07,56,0,82698,3335,252,7,3906,80,31867,3552,703730,55214,30561,1342,368196,10989,7361.28
"100",2020-04-08,86,2,82784,3337,351,1,4257,81,34907,5104,738637,60318,30613,1906,398809,12895,7283.54
"101",2020-04-09,86,2,82870,3339,511,4,4768,85,37834,4093,776471,64411,33323,1922,432132,14817,6858.92
"102",2020-04-10,55,1,82925,3340,579,3,5347,88,39692,4886,816163,69297,33901,1873,466033,16690,6876.83
"103",2020-04-11,79,3,83004,3343,658,6,6005,94,39106,4312,855269,73609,35527,2087,501560,18777,6903.79
"104",2020-04-12,93,0,83097,3343,743,4,6748,98,33841,3615,889110,77224,28391,1831,529951,20608,6837.91
"105",2020-04-13,112,2,83209,3345,507,4,7255,102,28497,3197,917607,80421,27620,1500,557571,22108,6868.7
"106",2020-04-14,94,0,83303,3345,390,7,7645,109,27419,3305,945026,83726,25023,1541,582594,23649,6621.24
"107",2020-04-15,49,1,83352,3346,455,10,8100,119,33960,4406,978986,88132,26922,2408,609516,26057,7101.94
"108",2020-04-16,50,0,83402,3346,482,17,8582,136,32683,4850,1011669,92982,30148,4928,639664,30985,7027.55
"109",2020-04-17,352,1290,83754,4636,585,12,9167,148,35998,4162,1047667,97144,31667,2299,671331,33284,7248.6
"110",2020-04-18,31,0,83785,4636,628,6,9795,154,33108,3912,1080775,101056,30833,3770,702164,37054,7120.74
"111",2020-04-19,18,0,83803,4636,566,7,10361,161,29902,3270,1110677,104326,32922,1856,735086,38910,6826.83
"112",2020-04-20,14,0,83817,4636,390,10,10751,171,29056,2526,1139733,106852,24601,1772,759687,40682,6841.37
"113",2020-04-21,32,0,83849,4636,367,15,11118,186,28079,2951,1167812,109803,28065,1857,787752,42539,7125.14
"114",2020-04-22,15,0,83864,4636,378,0,11496,186,31823,3899,1199635,113702,37289,2524,825041,45063,7482.39
"115",2020-04-23,12,0,83876,4636,276,101,11772,287,30582,3318,1230217,117020,17588,1721,842629,46784,7505
"116",2020-04-24,8,0,83884,4636,468,30,12240,317,29910,3069,1260127,120089,26543,3179,869172,49963,7538.67
"117",2020-04-25,15,0,83899,4636,652,17,12892,334,30912,3193,1291039,123282,21352,1054,890524,51017,7693.1
"118",2020-04-26,10,0,83909,4636,290,14,13182,348,27034,2964,1318073,126246,48529,2172,939053,53189,7774.62
"119",2020-04-27,3,1,83912,4637,203,3,13385,351,23455,1603,1341528,127849,26857,1687,965910,54876,7738.98
"120",2020-04-28,26,0,83938,4637,191,25,13576,376,22814,2460,1364342,130309,22541,1369,988451,56245,8778.57
"121",2020-04-29,2,0,83940,4637,276,13,13852,389,23881,3047,1388223,133356,24132,2110,1012583,58355,8620
"122",2020-04-30,4,0,83944,4637,236,26,14088,415,26212,2719,1414435,136075,27326,2611,1039909,60966,8826.96
"123",2020-05-01,12,0,83956,4637,193,17,14281,432,27027,2358,1441462,138433,29917,2040,1069826,63006,8972.05
"124",2020-05-02,3,0,83959,4637,263,26,14544,458,24853,2170,1466315,140603,33955,2062,1103781,65068,8894.16
"125",2020-05-03,2,0,83961,4637,295,34,14839,492,25022,1973,1491337,142576,29288,1317,1133069,66385,8871.96
"126",2020-05-04,3,0,83964,4637,218,18,15057,510,22819,1313,1514156,143889,24972,1297,1158041,67682,9021.83
"127",2020-05-05,2,0,83966,4637,174,11,15231,521,23133,1588,1537289,145477,22593,1252,1180634,68934,9142.92
"128",2020-05-06,2,0,83968,4637,123,22,15354,543,24367,2241,1561656,147718,23841,2144,1204475,71078,9986.4
"129",2020-05-07,2,0,83970,4637,109,8,15463,551,29824,2165,1591480,149883,24128,2353,1228603,73431,9800.01
"130",2020-05-08,6,0,83976,4637,84,6,15547,557,26976,1782,1618456,151665,28369,2239,1256972,75670,9539.4
"131",2020-05-09,0,0,83976,4637,81,44,15628,601,25722,1923,1644178,153588,26957,1510,1283929,77180,8722.77
"132",2020-05-10,15,0,83991,4637,119,12,15747,613,25636,1220,1669814,154808,25612,1614,1309541,78794,8561.52
"133",2020-05-11,19,0,84010,4637,51,8,15798,621,20383,1032,1690197,155840,20258,734,1329799,79528,8810.79
"134",2020-05-12,1,0,84011,4637,76,22,15874,643,21750,1335,1711947,157175,18117,1156,1347916,80684,9309.37
"135",2020-05-13,7,0,84018,4637,150,25,16024,668,24299,1924,1736246,159099,22048,1703,1369964,82387,9791.98
"136",2020-05-14,6,0,84024,4637,55,19,16079,687,22755,1483,1759001,160582,20782,1746,1390746,84133,9316.42
"137",2020-05-15,5,0,84029,4637,114,23,16193,710,23083,1630,1782084,162212,27143,1773,1417889,85906,9381.27
"138",2020-05-16,9,0,84038,4637,44,15,16237,725,22296,1324,1804380,163536,25508,1662,1443397,87568,9680.04
"139",2020-05-17,6,1,84044,4638,48,19,16285,744,20033,1176,1824413,164712,24487,1186,1467884,88754,9733.93
"140",2020-05-18,10,0,84054,4638,20,5,16305,749,18242,708,1842655,165420,18873,808,1486757,89562,9775.53
"141",2020-05-19,9,0,84063,4638,60,14,16365,763,17530,897,1860185,166317,21841,791,1508598,90353,9511.43
"142",2020-05-20,2,0,84065,4638,20,8,16385,771,19742,1349,1879927,167666,19970,1568,1528568,91921,9068.65
"143",2020-05-21,2,0,84067,4638,39,6,16424,777,19968,1112,1899895,168778,23285,1518,1551853,93439,9170
"144",2020-05-22,12,0,84079,4638,89,19,16513,796,20146,1611,1920041,170389,25434,1263,1577287,94702,9179.15
"145",2020-05-23,2,0,84081,4638,23,12,16536,808,19104,958,1939145,171347,24147,1305,1601434,96007,8720.34
"146",2020-05-24,3,0,84084,4638,14,12,16550,820,18463,862,1957608,172209,21236,1080,1622670,97087,8900.35
"147",2020-05-25,11,0,84095,4638,31,10,16581,830,15914,823,1973522,173032,20568,633,1643238,97720,8841.18
"148",2020-05-26,7,0,84102,4638,42,16,16623,846,16984,876,1990506,173908,19064,500,1662302,98220,9204.07
"149",2020-05-27,1,0,84103,4638,28,12,16651,858,17234,758,2007740,174666,18910,696,1681212,98916,9575.89
"150",2020-05-28,3,0,84106,4638,0,0,16651,858,17833,1045,2025573,175711,18721,1526,1699933,100442,9427.07
"151",2020-05-29,0,0,84106,4638,68,16,16719,874,21380,956,2046953,176667,21817,1175,1721750,101617,9697.72
"152",2020-05-30,17,0,84123,4638,85,12,16804,886,18475,889,2065428,177556,25337,1219,1747087,102836,9448.27
"153",2020-05-31,5,0,84128,4638,47,5,16851,891,18160,717,2083588,178273,23297,945,1770384,103781,10200.77
"154",2020-06-01,19,0,84147,4638,33,1,16884,892,15889,484,2099477,178757,19807,602,1790191,104383,9518.04
"155",2020-06-02,7,0,84154,4638,46,2,16930,894,15911,557,2115388,179314,21086,764,1811277,105147,9666.24
"156",2020-06-03,5,0,84159,4638,56,6,16986,900,16483,685,2131871,179999,20544,1034,1831821,106181,9789.06
"157",2020-06-04,1,0,84160,4638,32,3,17018,903,17536,785,2149407,180784,19699,994,1851520,107175,9621.16
"158",2020-06-05,11,0,84171,4638,46,4,17064,907,18340,630,2167747,181414,21140,1036,1872660,108211,9666.3
"159",2020-06-06,6,0,84177,4638,39,7,17103,914,18511,760,2186258,182174,25178,932,1897838,109143,9746.99
"160",2020-06-07,9,0,84186,4638,38,2,17141,916,17813,615,2204071,182789,22223,659,1920061,109802,9782.01
"161",2020-06-08,5,0,84191,4638,33,0,17174,916,15864,406,2219935,183195,22302,712,1942363,110514,9772.43
"162",2020-06-09,3,0,84194,4638,36,0,17210,916,16621,473,2236556,183668,18822,493,1961185,111007,9885
"163",2020-06-10,4,0,84198,4638,41,3,17251,919,16903,729,2253459,184397,18665,999,1979850,112006,9280.4
"164",2020-06-11,11,0,84209,4638,41,1,17292,920,17839,709,2271298,185106,20614,918,2000464,112924,9465.13
"165",2020-06-12,7,0,84216,4638,40,2,17332,922,18619,499,2289917,185605,22883,896,2023347,113820,9473.34
"166",2020-06-13,12,0,84228,4638,50,2,17382,924,18904,559,2308821,186164,25639,849,2048986,114669,9342.1
"167",2020-06-14,60,0,84288,4638,47,1,17429,925,18524,476,2327345,186640,25540,767,2074526,115436,9426.02
"168",2020-06-15,47,0,84335,4638,73,0,17502,925,16993,345,2344338,186985,19543,296,2094069,115732,9525.59
"169",2020-06-16,43,0,84378,4638,85,2,17587,927,16547,375,2360885,187360,19957,395,2114026,116127,9465.14
"170",2020-06-17,44,0,84422,4638,41,4,17628,931,17788,646,2378673,188006,23705,836,2137731,116963,9386.32
"171",2020-06-18,36,0,84458,4638,40,4,17668,935,18966,582,2397639,188588,25559,754,2163290,117717,9310.23
"172",2020-06-19,36,0,84494,4638,72,0,17740,935,18282,1862,2415921,190450,27762,717,2191052,118434,9358.95
"173",2020-06-20,30,0,84524,4638,59,17,17799,952,18462,452,2434383,190902,29909,678,2220961,119112,9294.69
"174",2020-06-21,29,1,84553,4639,0,0,17799,952,17562,338,2451945,191240,34158,607,2255119,119719,9685.69
"175",2020-06-22,19,0,84572,4639,117,1,17916,953,15195,304,2467140,191544,25793,256,2280912,119975,9624.89
"176",2020-06-23,52,0,84624,4639,52,2,17968,955,15693,311,2482833,191855,31390,427,2312302,120402,9296.49
"177",2020-06-24,29,1,84653,4640,59,8,18027,963,17157,523,2499990,192378,34720,826,2347022,121228,9249.49
"178",2020-06-25,20,0,84673,4640,83,5,18110,968,17701,434,2517691,192812,34339,751,2381361,121979,9162.21
"179",2020-06-26,28,1,84701,4641,87,1,18197,969,17341,431,2535032,193243,40949,2437,2422310,124416,9012
"180",2020-06-27,24,0,84725,4641,100,2,18297,971,18783,466,2553815,193709,45527,623,2467837,125039,9116.35
"181",2020-06-28,18,0,84743,4641,93,0,18390,971,15820,379,2569635,194088,42486,500,2510323,125539,9192.56
"182",2020-06-29,14,0,84757,4641,86,1,18476,972,14706,312,2584341,194400,38673,265,2548996,125804,9138.55
"183",2020-06-30,23,0,84780,4641,117,0,18593,972,15886,323,2600227,194723,41556,336,2590552,126140,9232
"184",2020-07-01,5,0,84785,4641,130,2,18723,974,15812,448,2616039,195171,43880,1270,2634432,127410,9086.54
"185",2020-07-02,31,0,84816,4641,151,1,18874,975,16237,499,2632276,195670,52048,652,2686480,128062,9058.26
"186",2020-07-03,14,0,84830,4641,194,1,19068,976,16645,423,2648921,196093,53399,678,2739879,128740,9135.46
"187",2020-07-04,9,0,84839,4641,214,1,19282,977,15747,434,2664668,196527,54442,694,2794321,129434,9069.41
"188",2020-07-05,18,0,84857,4641,240,0,19522,977,14785,373,2679453,196900,45221,242,2839542,129676,9344.2
"189",2020-07-06,14,0,84871,4641,253,0,19775,977,14778,313,2694231,197213,49093,271,2888635,129947,9257.39
"190",2020-07-07,25,0,84896,4641,206,1,19981,978,14707,336,2708938,197549,49990,359,2938625,130306,9436.06
"191",2020-07-08,21,0,84917,4641,193,2,20174,980,14529,504,2723467,198053,57473,1174,2996098,131480,9232.43
"192",2020-07-09,33,0,84950,4641,197,1,20371,981,16397,460,2739864,198513,58906,829,3055004,132309,9288.34
"193",2020-07-10,46,0,84996,4641,348,1,20719,982,16403,406,2756267,198919,63004,982,3118008,133291,9234.03
"194",2020-07-11,40,0,85036,4641,410,0,21129,982,15977,410,2772244,199329,66625,806,3184633,134097,9302.75
"195",2020-07-12,35,0,85071,4641,373,0,21502,982,15268,378,2787512,199707,63051,717,3247684,134814,9242.62
"196",2020-07-13,46,0,85117,4641,366,0,21868,982,15047,274,2802559,199981,57258,391,3304942,135205,9255.85
"197",2020-07-14,55,1,85172,4642,352,0,22220,982,15539,295,2818098,200276,58114,400,3363056,135605,9197.6
"198",2020-07-15,54,0,85226,4642,288,2,22508,984,14895,401,2832993,200677,68518,861,3431574,136466,9133.72
"199",2020-07-16,20,2,85246,4644,382,1,22890,985,17343,444,2850336,201121,67717,953,3499291,137419,9154.32
"200",2020-07-17,77,0,85323,4644,583,0,23473,985,16975,390,2867311,201511,76930,939,3576221,138358,9170.28
"201",2020-07-18,80,1,85403,4645,659,0,24132,985,16072,384,2883383,201895,71494,908,3647715,139266,9208.99
"202",2020-07-19,80,1,85483,4646,510,0,24642,985,14452,292,2897835,202187,63749,853,3711464,140119,9160.78
"203",2020-07-20,130,0,85613,4646,454,0,25096,985,17575,229,2915410,202416,61796,415,3773260,140534,9390
"204",2020-07-21,84,0,85697,4646,640,3,25736,988,16567,263,2931977,202679,56750,372,3830010,140906,9518.16
"205",2020-07-22,74,2,85771,4648,567,1,26303,989,16161,374,2948138,203053,72048,1160,3902058,142066,9603.27
"206",2020-07-23,135,0,85906,4648,726,1,27029,990,19615,385,2967753,203438,68848,1124,3970906,143190,9537.8
"207",2020-07-24,139,1,86045,4649,927,2,27956,992,19370,348,2987123,203786,63196,1052,4034102,144242,9700.42
"208",2020-07-25,157,1,86202,4650,830,1,28786,993,17114,361,3004237,204147,78427,1304,4112529,145546,9931.54
"209",2020-07-26,179,2,86381,4652,596,3,29382,996,15049,301,3019286,204448,65498,914,4178027,146460,11029.96
"210",2020-07-27,189,0,86570,4652,607,0,29989,996,19845,207,3039131,204655,55993,475,4234020,146935,10906.27
"211",2020-07-28,213,4,86783,4656,0,0,29989,996,19007,277,3058138,204932,56243,1076,4290263,148011,11100.53
"212",2020-07-29,207,1,86990,4657,1344,4,31333,1000,17436,345,3075574,205277,61734,1245,4351997,149256,11099.61
"213",2020-07-30,223,2,87213,4659,1126,3,32459,1003,20305,381,3095879,205658,74985,1457,4426982,150713,11335.46
"214",2020-07-31,276,0,87489,4659,1315,2,33774,1005,21571,360,3117450,206018,68032,1357,4495014,152070,11801.17
"215",2020-08-01,166,2,87655,4661,598,1,34372,1006,18166,379,3135616,206397,67023,1244,4562037,153314,11071.35
"216",2020-08-02,172,6,87827,4667,1709,4,36081,1010,15567,263,3151183,206660,58407,1133,4620444,154447,11219.81
"217",2020-08-03,158,2,87985,4669,1991,1,38072,1011,22297,278,3173480,206938,47511,413,4667955,154860,11191.97
"218",2020-08-04,114,3,88099,4672,1786,5,39858,1016,23699,270,3197179,207208,45607,543,4713562,155403,11744.91
"219",2020-08-05,107,4,88206,4676,1271,6,41129,1022,19987,408,3217166,207616,57525,1403,4771087,156806,11762.46
"220",2020-08-06,122,1,88328,4677,1134,4,42263,1026,23529,405,3240695,208021,52804,1450,4823891,158256,11594.23
"221",2020-08-07,132,3,88460,4680,1552,7,43815,1033,23154,313,3263849,208334,59755,1848,4883646,160104,11761.41
"222",2020-08-08,120,1,88580,4681,1624,6,45439,1039,20491,356,3284340,208690,58150,1252,4941796,161356,11681.68
"223",2020-08-09,92,0,88672,4681,1344,1,46783,1040,16608,320,3300948,209010,56221,1069,4998017,162425,11892.92
"224",2020-08-10,121,5,88793,4686,1207,7,47990,1047,24292,335,3325240,209345,46847,513,5044864,162938,11392.08
"225",2020-08-11,113,4,88906,4690,248,4,48238,1051,23910,355,3349150,209700,49530,523,5094394,163461,11564.33
"226",2020-08-12,58,3,88964,4693,1274,7,49512,1058,18610,302,3367760,210002,46813,1076,5141207,164537,11780
"227",2020-08-13,81,4,89045,4697,932,4,50444,1062,28969,381,3396729,210383,55941,1490,5197148,166027,11760.54
"228",2020-08-14,99,3,89144,4700,1069,10,51513,1072,27269,387,3423998,210770,51094,1083,5248242,167110,11852.4
"229",2020-08-15,70,1,89214,4701,2064,13,53577,1085,20665,314,3444663,211084,64838,1336,5313080,168446,11911
"230",2020-08-16,65,2,89279,4703,1137,3,54714,1088,20450,477,3465113,211561,48085,1035,5361165,169481,12281.13
"231",2020-08-17,96,0,89375,4703,238,10,54952,1098,35756,270,3500869,211831,42104,571,5403269,170052,11945.01
"232",2020-08-18,66,0,89441,4703,1006,16,55958,1114,21573,285,3522442,212116,35056,445,5438325,170497,11754.59
"233",2020-08-19,53,2,89494,4705,1592,14,57550,1128,24742,467,3547184,212583,44091,1324,5482416,171821,11853.55
"234",2020-08-20,33,1,89527,4706,951,16,58501,1144,30285,364,3577469,212947,47426,1356,5529842,173177,11531.34
"235",2020-08-21,40,3,89567,4709,1220,11,59721,1155,32648,360,3610117,213307,44005,1078,5573847,174255,11662.96
"236",2020-08-22,49,2,89616,4711,1012,14,60733,1169,25159,318,3635276,213625,49880,1151,5623727,175406,11648.13
"237",2020-08-23,38,0,89654,4711,1014,7,61747,1176,21987,330,3657263,213955,44378,956,5668105,176362,11748.2
"238",2020-08-24,41,0,89695,4711,7,4,61754,1180,41250,276,3698513,214231,34506,444,5702611,176806,11318.42
"239",2020-08-25,23,0,89718,4711,1367,16,63121,1196,26451,316,3724964,214547,38298,473,5740909,177279,11461.43
"240",2020-08-26,34,1,89752,4712,701,13,63822,1209,30638,427,3755602,214974,38119,1207,5779028,178486,11330.38
"241",2020-08-27,32,1,89784,4713,846,17,64668,1226,35433,436,3791035,215410,42848,1228,5821876,179714,11526.91
"242",2020-08-28,30,2,89814,4715,905,12,65573,1238,34864,348,3825899,215758,45909,1110,5867785,180824,11465.84
"243",2020-08-29,22,3,89836,4718,850,17,66423,1255,28487,340,3854386,216098,49654,949,5917439,181773,11711.16
"244",2020-08-30,27,3,89863,4721,841,9,67264,1264,24456,334,3878842,216432,44143,1006,5961582,182779,11649.51
"245",2020-08-31,32,1,89895,4722,601,15,67865,1279,47359,336,3926201,216768,35581,290,5997163,183069,11921.97
"246",2020-09-01,19,1,89914,4723,527,17,68392,1296,29689,401,3955890,217169,33850,529,6031013,183598,11388.54
"247",2020-09-02,20,1,89934,4724,609,11,69001,1307,32104,467,3987994,217636,44639,1091,6075652,184689,10140.85
"248",2020-09-03,19,3,89953,4727,598,12,69599,1319,38238,444,4026232,218080,38754,1055,6114406,185744,10446.25
"249",2020-09-04,33,1,89986,4728,669,11,70268,1330,40382,567,4066614,218647,36249,1053,6150655,186797,10166.69
"250",2020-09-05,22,0,90008,4728,608,19,70876,1349,32963,330,4099577,218977,51071,968,6201726,187765,10256.2
"251",2020-09-06,17,0,90025,4728,543,8,71419,1357,30804,414,4130381,219391,44140,773,6245866,188538,10373.44
"252",2020-09-07,33,2,90058,4730,437,6,71856,1363,54383,325,4184764,219716,30555,403,6276421,188941,10126.65
"253",2020-09-08,21,2,90079,4732,378,14,72234,1377,36374,438,4221138,220154,24250,267,6300671,189208,10219.2
"254",2020-09-09,8,1,90087,4733,492,16,72726,1393,41873,525,4263011,220679,27122,471,6327793,189679,10336.87
"255",2020-09-10,13,0,90100,4733,495,13,73221,1406,46244,481,4309255,221160,31927,1136,6359720,190815,10387.89
"256",2020-09-11,27,0,90127,4733,680,6,73901,1412,49292,485,4358547,221645,37507,974,6397227,191789,10440.92
"257",2020-09-12,18,0,90145,4733,643,11,74544,1423,36546,377,4395093,222022,48061,1227,6445288,193016,10332.83
"258",2020-09-13,23,1,90168,4734,674,16,75218,1439,37745,333,4432838,222355,40820,685,6486108,193701,10671.77
"259",2020-09-14,29,0,90197,4734,439,3,75657,1442,58802,467,4491640,222822,33871,378,6519979,194079,10785.31
"260",2020-09-15,22,1,90219,4735,301,9,75958,1451,41142,506,4532782,223328,34841,451,6554820,194530,10954.01
"261",2020-09-16,24,1,90243,4736,490,10,76448,1461,52286,862,4585068,224190,51473,1407,6606293,195937,10939.99
"262",2020-09-17,7,0,90250,4736,561,12,77009,1473,51384,602,4636452,224792,24598,865,6630891,196802,10933.39
"263",2020-09-18,44,0,90294,4736,485,9,77494,1482,60643,602,4697095,225394,43567,831,6674458,197633,11080.65
"264",2020-09-19,14,1,90308,4737,579,13,78073,1495,48894,637,4745989,226031,50209,956,6724667,198589,10920.28
"265",2020-09-20,25,0,90333,4737,584,5,78657,1500,45887,470,4791876,226501,40295,669,6764962,199258,10417.22
"266",2020-09-21,36,0,90369,4737,0,0,78657,1500,71506,515,4863382,227016,39852,251,6804814,199509,10529.61
"267",2020-09-22,12,0,90381,4737,781,8,79438,1508,48623,640,4912005,227656,53153,372,6857967,199881,10241.46
"268",2020-09-23,18,0,90399,4737,330,4,79768,1512,55932,738,4967937,228394,38307,926,6896274,200807,10736.32
"269",2020-09-24,10,1,90409,4738,273,8,80041,1520,63474,696,5031411,229090,37930,1102,6934204,201909,10686.67
"270",2020-09-25,15,0,90424,4738,456,12,80497,1532,69313,709,5100724,229799,44213,901,6978417,202810,10728.6
"271",2020-09-26,17,1,90441,4739,558,8,81055,1540,59603,649,5160327,230448,55013,964,7033430,203774,10774.25
"272",2020-09-27,15,0,90456,4739,635,5,81690,1545,54153,624,5214480,231072,45368,723,7078798,204497,10696.12
"273",2020-09-28,27,0,90483,4739,441,3,82131,1548,78047,608,5292527,231680,36248,259,7115046,204756,10840.48
"274",2020-09-29,22,0,90505,4739,363,9,82494,1557,50192,661,5342719,232341,32998,314,7148044,205070,10776.59
"275",2020-09-30,23,0,90528,4739,516,7,83010,1564,61551,883,5404270,233224,43017,928,7191061,205998,10619.13
"276",2020-10-01,0,0,90528,4739,0,0,83010,1564,69800,857,5474070,234081,41982,930,7233043,206928,10570.4
"277",2020-10-02,39,0,90567,4739,1205,14,84215,1578,74529,779,5548599,234860,44771,880,7277814,207808,10542.06
"278",2020-10-03,17,0,90584,4739,553,12,84768,1590,70839,771,5619438,235631,54471,908,7332285,208716,10666.63
"279",2020-10-04,20,0,90604,4739,571,7,85339,1597,73271,666,5692709,236297,50659,678,7382944,209394,10792.21
"280",2020-10-05,25,0,90629,4739,400,2,85739,1599,92842,547,5785551,236844,34901,400,7417845,209794,10599.66
"281",2020-10-06,23,0,90652,4739,308,3,86047,1602,82791,929,5868342,237773,40705,398,7458550,210192,10666.39
"282",2020-10-07,15,0,90667,4739,496,3,86543,1605,87465,966,5955807,238739,43062,717,7501612,210909,10925.57
"283",2020-10-08,22,0,90689,4739,477,8,87020,1613,105760,1025,6061567,239764,48182,892,7549794,211801,11050.64
"284",2020-10-09,39,0,90728,4739,619,3,87639,1616,117250,1075,6178817,240839,56800,972,7606594,212773,11293.22
"285",2020-10-10,29,0,90757,4739,594,8,88233,1624,104262,788,6283079,241627,58082,1014,7664676,213787,11369.02
"286",2020-10-11,21,0,90778,4739,679,3,88912,1627,114867,967,6397946,242594,54271,590,7718947,214377,11528.25
"287",2020-10-12,34,0,90812,4739,435,2,89347,1629,115685,907,6513631,243501,43597,394,7762544,214771,11420.56
"288",2020-10-13,18,0,90830,4739,326,5,89673,1634,101282,833,6614913,244334,41653,314,7804197,215085,11417.89
"289",2020-10-14,28,0,90858,4739,467,4,90140,1638,124663,1381,6739576,245715,52517,817,7856714,215902,11505.12
"290",2020-10-15,11,0,90869,4739,570,8,90710,1646,150533,1330,6890109,247045,59386,970,7916100,216872,11319.32
"291",2020-10-16,36,0,90905,4739,721,4,91431,1650,165020,1444,7055129,248489,63785,828,7979885,217700,11360.2
"292",2020-10-17,20,0,90925,4739,632,11,92063,1661,151471,1291,7206600,249780,70256,899,8050141,218599,11503.14
"293",2020-10-18,30,0,90955,4739,593,9,92656,1670,146499,1183,7353099,250963,56611,690,8106752,219289,11751.47
"294",2020-10-19,17,0,90972,4739,471,4,93127,1674,176627,1277,7529726,252240,47843,385,8154595,219674,11909.99
"295",2020-10-20,34,0,91006,4739,353,2,93480,1676,151103,1403,7680829,253643,60160,459,8214755,220133,12780.96
"296",2020-10-21,16,0,91022,4739,453,3,93933,1679,171052,1741,7851881,255384,58549,933,8273304,221066,12968.52
"297",2020-10-22,22,0,91044,4739,591,6,94524,1685,214717,1877,8066598,257261,62978,1135,8336282,222201,12923.07
"298",2020-10-23,29,0,91073,4739,614,9,95138,1694,228134,1978,8294732,259239,72058,841,8408340,223042,13111.73
"299",2020-10-24,33,0,91106,4739,697,12,95835,1706,224844,1892,8519576,261131,85329,953,8493669,223995,13028.83
"300",2020-10-25,19,0,91125,4739,699,5,96534,1711,214032,1750,8733608,262881,83056,904,8576725,224899,13052.19
"301",2020-10-26,26,0,91151,4739,540,7,97074,1718,244983,1734,8978591,264615,59440,331,8636165,225230,13636.17
"302",2020-10-27,24,0,91175,4739,424,7,97498,1725,216279,1969,9194870,266584,68359,505,8704524,225735,13266.4
"303",2020-10-28,42,0,91217,4739,618,5,98116,1730,245430,2807,9440300,269391,75129,988,8779653,226723,13455.7
"304",2020-10-29,24,0,91241,4739,736,3,98852,1733,266487,2706,9706787,272097,78371,977,8858024,227700,13560.1
"305",2020-10-30,25,0,91266,4739,770,11,99622,1744,287424,2755,9994211,274852,88130,968,8946154,228668,13791
"306",2020-10-31,33,0,91299,4739,770,11,100392,1755,277687,2942,10271898,277794,101273,1040,9047427,229708,13761.5
"307",2020-11-01,24,0,91323,4739,754,11,101146,1766,229181,2585,10501079,280379,78934,848,9126361,230556,13549.37
"308",2020-11-02,24,0,91347,4739,667,8,101813,1774,274628,2419,10775707,282798,81001,440,9207362,230996,14023.53
"309",2020-11-03,49,0,91396,4739,468,6,102281,1780,259450,2720,11035157,285518,83883,555,9291245,231551,14144.01
"310",2020-11-04,16,0,91412,4739,619,6,102900,1786,265372,5484,11300529,291002,92734,1076,9383979,232627,15590.02
"311",2020-11-05,27,0,91439,4739,938,8,103838,1794,302646,4051,11603175,295053,102507,1102,9486486,233729,15579.92
"312",2020-11-06,32,0,91471,4739,944,12,104782,1806,322167,3855,11925342,298908,122436,1208,9608922,234937,14818.3
"313",2020-11-07,33,0,91504,4739,1132,3,105914,1809,305188,4152,12230530,303060,130623,1162,9739545,236099,15475.1
"314",2020-11-08,24,0,91528,4739,1172,3,107086,1812,314090,3332,12544620,306392,121413,1014,9860958,237113,15328.41
"315",2020-11-09,32,0,91560,4739,998,6,108084,1818,276910,3008,12821530,309400,110693,459,9971651,237572,15297.21
"316",2020-11-10,20,0,91580,4739,899,11,108983,1829,235548,3747,13057078,313147,138901,679,10110552,238251,15684.24
"317",2020-11-11,13,0,91593,4739,1173,12,110156,1841,254982,5451,13312060,318598,147274,1432,10257826,239683,16291.86
"318",2020-11-12,10,0,91603,4739,1555,10,111711,1851,285728,4753,13597788,323351,143306,2117,10401132,241800,16320.7
"319",2020-11-13,0,0,91603,4739,1587,16,113298,1867,309293,4535,13907081,327886,153669,630,10554801,242430,16070.45
"320",2020-11-14,15,0,91618,4739,1685,13,114983,1880,275091,4618,14182172,332504,184813,1915,10739614,244345,15957
"321",2020-11-15,11,0,91629,4739,1694,3,116677,1883,254128,3862,14436300,336366,165277,1255,10904891,245600,16713.57
"322",2020-11-16,7,0,91636,4739,0,0,116677,1883,254122,3515,14690422,339881,132170,614,11037061,246214,17659.38
"323",2020-11-17,15,0,91651,4739,2649,20,119326,1903,224547,4256,14914969,344137,168425,1006,11205486,247220,17776.12
"324",2020-11-18,8,0,91659,4739,1489,10,120815,1913,264902,5829,15179871,349966,154316,1467,11359802,248687,17802.82
"325",2020-11-19,12,0,91671,4739,2151,9,122966,1922,272725,5215,15452596,355181,170005,1850,11529807,250537,18655.67
"326",2020-11-20,17,0,91688,4739,2301,21,125267,1943,282632,5139,15735228,360320,188020,2018,11717827,252555,18703.8
"327",2020-11-21,16,0,91704,4739,2398,20,127665,1963,281899,5909,16017127,366229,196117,1858,11913944,254413,18414.43
"328",2020-11-22,16,0,91720,4739,2514,11,130179,1974,223616,3835,16240743,370064,175494,1486,12089438,255899,18368
"329",2020-11-23,11,0,91731,4739,738,6,130917,1980,206846,3515,16447589,373579,157471,883,12246909,256782,19160.01
"330",2020-11-24,22,0,91753,4739,3012,9,133929,1989,209942,5076,16657531,378655,173963,919,12420872,257701,18719.11
"331",2020-11-25,5,0,91758,4739,1471,12,135400,2001,229440,6390,16886971,385045,170293,2224,12591165,259925,17149.47
"332",2020-11-26,21,0,91779,4739,1861,21,137261,2022,247604,5718,17134575,390763,186589,2341,12777754,262266,17139.52
"333",2020-11-27,5,0,91784,4739,2230,29,139491,2051,277445,5616,17412020,396379,106091,1189,12883845,263455,17719.85
"334",2020-11-28,6,0,91790,4739,2577,23,142068,2074,263997,6001,17676017,402380,207913,1404,13091758,264859,18184.99
"335",2020-11-29,6,0,91796,4739,2585,32,144653,2106,234243,4368,17910260,406748,154893,1204,13246651,266063,19695.87
"336",2020-11-30,18,0,91814,4739,2107,13,146760,2119,216198,3864,18126458,410612,136670,810,13383321,266873,18764.96
"337",2020-12-01,12,0,91826,4739,1934,20,148694,2139,194720,4666,18321178,415278,157903,1172,13541224,268045,19204.09
"338",2020-12-02,9,0,91835,4739,1692,33,150386,2172,223727,6195,18544905,421473,180421,2600,13721645,270645,19421.9
"339",2020-12-03,16,0,91851,4739,2441,41,152827,2213,256264,5728,18801169,427201,203311,3190,13924956,273835,18650.52
"340",2020-12-04,17,0,91868,4739,2405,27,155232,2240,264500,5716,19065669,432917,214747,2481,14139703,276316,19147.66
"341",2020-12-05,17,0,91885,4739,2442,43,157674,2283,257707,5781,19323376,438698,231930,2680,14371633,278996,19359.4
"342",2020-12-06,18,0,91903,4739,2424,32,160098,2315,235424,4311,19558800,443009,211933,2203,14583566,281199,19166.9
"343",2020-12-07,15,0,91918,4739,1969,20,162067,2335,216713,3768,19775513,446777,173432,1111,14756998,282310,18324.11
"344",2020-12-08,12,0,91930,4739,1862,47,163929,2382,191402,4090,19966915,450867,197334,1433,14954332,283743,18541.28
"345",2020-12-09,15,0,91945,4739,1911,38,165840,2420,237342,6073,20204257,456940,217344,2564,15171676,286307,18254.63
"346",2020-12-10,12,0,91957,4739,2733,45,168573,2465,255714,5369,20459971,462309,220025,3124,15391701,289431,18036.53
"347",2020-12-11,15,0,91972,4739,2969,37,171542,2502,272129,5644,20732100,467953,224680,2748,15616381,292179,18808.69
"348",2020-12-12,13,0,91985,4739,2757,32,174299,2534,223947,5345,20956047,473298,234633,3343,15851014,295522,19174.99
"349",2020-12-13,24,0,92009,4739,2988,28,177287,2562,229454,4450,21185501,477748,216017,2315,16067031,297837,19061.84
